zipcode,ncells,acres,date,date_plot,acres_int,ncells_int
93252,149,33.13680236034852,2022-05-13,May-13-2022,33.13680236034852,149
93268,32,7.1166286948399495,2022-05-13,May-13-2022,7.1166286948399495,32
93307,2134,474.5901760871391,2022-05-13,May-13-2022,474.5901760871391,2134
93311,795,176.80374413743002,2022-05-13,May-13-2022,176.80374413743002,795
93313,691,153.67470087920017,2022-05-13,May-13-2022,153.67470087920017,691
93461,0,0,2022-05-13,May-13-2022,0,0
93203,1097,243.966927444982,2022-05-13,May-13-2022,243.966927444982,1097
93206,377,83.84278181108316,2022-05-13,May-13-2022,83.84278181108316,377
93215,1963,436.5606914990882,2022-05-13,May-13-2022,436.5606914990882,1963
93220,6,1.3343678802824903,2022-05-13,May-13-2022,1.3343678802824903,6
93224,47,10.452548395546176,2022-05-13,May-13-2022,10.452548395546176,47
93241,4,0.8895785868549937,2022-05-13,May-13-2022,0.8895785868549937,4
93243,28,6.227050107984956,2022-05-13,May-13-2022,6.227050107984956,28
93249,799,177.693322724285,2022-05-13,May-13-2022,177.693322724285,799
93250,354,78.72770493666694,2022-05-13,May-13-2022,78.72770493666694,354
93251,74,16.457203856817383,2022-05-13,May-13-2022,16.457203856817383,74
93263,464,103.19111607517928,2022-05-13,May-13-2022,103.19111607517928,464
93276,22,4.8926822277024655,2022-05-13,May-13-2022,4.8926822277024655,22
93280,1011,224.8409878275997,2022-05-13,May-13-2022,224.8409878275997,1011
93287,3,0.6671839401412453,2022-05-13,May-13-2022,0.6671839401412453,3
93301,52,11.564521629114918,2022-05-13,May-13-2022,11.564521629114918,52
93304,30,6.671839401412453,2022-05-13,May-13-2022,6.671839401412453,30
93305,28,6.227050107984956,2022-05-13,May-13-2022,6.227050107984956,28
93306,588,130.76805226768408,2022-05-13,May-13-2022,130.76805226768408,588
93308,880,195.70728910809865,2022-05-13,May-13-2022,195.70728910809865,880
93309,131,29.133698719501044,2022-05-13,May-13-2022,29.133698719501044,131
93312,95,21.1274914378061,2022-05-13,May-13-2022,21.1274914378061,95
93314,59,13.121284156111155,2022-05-13,May-13-2022,13.121284156111155,59
93518,0,0,2022-05-13,May-13-2022,0,0
93531,0,0,2022-05-13,May-13-2022,0,0
93561,0,0,2022-05-13,May-13-2022,0,0
93252,118,26.24256831222231,2022-05-21,May-21-2022,26.24256831222231,118
93268,30,6.671839401412453,2022-05-21,May-21-2022,6.671839401412453,30
93307,1943,432.1127985648132,2022-05-21,May-21-2022,432.1127985648132,1943
93311,690,153.45230623248642,2022-05-21,May-21-2022,153.45230623248642,690
93313,533,118.53634669842792,2022-05-21,May-21-2022,118.53634669842792,533
93461,0,0,2022-05-21,May-21-2022,0,0
93203,856,190.36981758696865,2022-05-21,May-21-2022,190.36981758696865,856
93206,286,63.60486896013205,2022-05-21,May-21-2022,63.60486896013205,286
93215,1919,426.77532704368326,2022-05-21,May-21-2022,426.77532704368326,1919
93220,4,0.8895785868549937,2022-05-21,May-21-2022,0.8895785868549937,4
93224,38,8.45099657512244,2022-05-21,May-21-2022,8.45099657512244,38
93241,4,0.8895785868549937,2022-05-21,May-21-2022,0.8895785868549937,4
93243,17,3.780708994133723,2022-05-21,May-21-2022,3.780708994133723,17
93249,798,177.47092807757124,2022-05-21,May-21-2022,177.47092807757124,798
93250,307,68.27515654112077,2022-05-21,May-21-2022,68.27515654112077,307
93251,77,17.12438779695863,2022-05-21,May-21-2022,17.12438779695863,77
93263,438,97.4088552606218,2022-05-21,May-21-2022,97.4088552606218,438
93276,15,3.3359197007062265,2022-05-21,May-21-2022,3.3359197007062265,15
93280,956,212.6092822583435,2022-05-21,May-21-2022,212.6092822583435,956
93287,5,1.1119732335687422,2022-05-21,May-21-2022,1.1119732335687422,5
93301,32,7.1166286948399495,2022-05-21,May-21-2022,7.1166286948399495,32
93304,13,2.8911304072787294,2022-05-21,May-21-2022,2.8911304072787294,13
93305,16,3.5583143474199748,2022-05-21,May-21-2022,3.5583143474199748,16
93306,560,124.54100215969912,2022-05-21,May-21-2022,124.54100215969912,560
93308,698,155.2314634061964,2022-05-21,May-21-2022,155.2314634061964,698
93309,98,21.794675377947343,2022-05-21,May-21-2022,21.794675377947343,98
93312,74,16.457203856817383,2022-05-21,May-21-2022,16.457203856817383,74
93314,54,12.009310922542417,2022-05-21,May-21-2022,12.009310922542417,54
93518,0,0,2022-05-21,May-21-2022,0,0
93531,0,0,2022-05-21,May-21-2022,0,0
93561,0,0,2022-05-21,May-21-2022,0,0
93252,1095,243.52213815155457,2022-06-06,Jun-06-2022,29.467290689571666,132
93268,1410,313.5764518663853,2022-06-06,Jun-06-2022,7.339023341553698,33
93307,15338,3411.0890912954733,2022-06-06,Jun-06-2022,426.6641297203264,1918
93311,1697,377.4037154732311,2022-06-06,Jun-06-2022,158.3449884601889,712
93313,1432,318.46913409408774,2022-06-06,Jun-06-2022,113.75486179408233,512
93461,76,16.90199315024488,2022-06-06,Jun-06-2022,0,0
93203,17572,3907.9187320539872,2022-06-06,Jun-06-2022,196.48567037159674,884
93206,4553,1012.5628264876966,2022-06-06,Jun-06-2022,75.72537720603134,340
93215,1935,430.3336413911032,2022-06-06,Jun-06-2022,427.6649056305382,1923
93220,670,149.00441329821146,2022-06-06,Jun-06-2022,1.111973233568742,5
93224,2288,508.8389516810564,2022-06-06,Jun-06-2022,7.672615311624321,34
93241,602,133.88157732167656,2022-06-06,Jun-06-2022,0.7783812634981195,4
93243,67,14.900441329821144,2022-06-06,Jun-06-2022,5.782260814557459,26
93249,6840,1521.1793835220392,2022-06-06,Jun-06-2022,171.46627261630005,771
93250,311,69.16473512797576,2022-06-06,Jun-06-2022,68.83114315790513,310
93251,8601,1912.8163563849505,2022-06-06,Jun-06-2022,16.90199315024488,76
93263,514,114.3108484108667,2022-06-06,Jun-06-2022,100.74477496132803,453
93276,4,0.8895785868549937,2022-06-06,Jun-06-2022,3.669511670776849,16
93280,3568,793.5040994746544,2022-06-06,Jun-06-2022,218.94752968968533,984
93287,20,4.447892934274969,2022-06-06,Jun-06-2022,0.8895785868549937,4
93301,979,217.7243591327597,2022-06-06,Jun-06-2022,10.341351072189303,46
93304,1613,358.7225651492762,2022-06-06,Jun-06-2022,4.781484904345591,22
93305,1636,363.8376420236924,2022-06-06,Jun-06-2022,3.780708994133723,17
93306,5533,1230.50958026717,2022-06-06,Jun-06-2022,123.09543695605976,554
93308,5315,1182.0275472835729,2022-06-06,Jun-06-2022,166.68478771195447,750
93309,493,109.64056082987796,2022-06-06,Jun-06-2022,22.684253964802338,102
93312,97,21.572280731233597,2022-06-06,Jun-06-2022,19.459531587452986,88
93314,97,21.572280731233597,2022-06-06,Jun-06-2022,12.120508245899291,54
93518,519,115.42282164443544,2022-06-06,Jun-06-2022,0,0
93531,0,0,2022-06-06,Jun-06-2022,0,0
93561,67,14.900441329821144,2022-06-06,Jun-06-2022,0,0
93252,147,32.69201306692102,2022-06-14,Jun-14-2022,32.69201306692102,147
93268,36,8.006207281694943,2022-06-14,Jun-14-2022,8.006207281694943,36
93307,1894,421.21546087583954,2022-06-14,Jun-14-2022,421.21546087583954,1894
93311,734,163.23767068789135,2022-06-14,Jun-14-2022,163.23767068789135,734
93313,490,108.97337688973673,2022-06-14,Jun-14-2022,108.97337688973673,490
93461,0,0,2022-06-14,Jun-14-2022,0,0
93203,911,202.60152315622483,2022-06-14,Jun-14-2022,202.60152315622483,911
93206,395,87.84588545193063,2022-06-14,Jun-14-2022,87.84588545193063,395
93215,1927,428.5544842173932,2022-06-14,Jun-14-2022,428.5544842173932,1927
93220,6,1.3343678802824903,2022-06-14,Jun-14-2022,1.3343678802824903,6
93224,31,6.894234048126202,2022-06-14,Jun-14-2022,6.894234048126202,31
93241,3,0.6671839401412453,2022-06-14,Jun-14-2022,0.6671839401412453,3
93243,35,7.783812634981195,2022-06-14,Jun-14-2022,7.783812634981195,35
93249,744,165.46161715502882,2022-06-14,Jun-14-2022,165.46161715502882,744
93250,312,69.38712977468951,2022-06-14,Jun-14-2022,69.38712977468951,312
93251,75,16.679598503531132,2022-06-14,Jun-14-2022,16.679598503531132,75
93263,468,104.08069466203426,2022-06-14,Jun-14-2022,104.08069466203426,468
93276,18,4.003103640847471,2022-06-14,Jun-14-2022,4.003103640847471,18
93280,1013,225.28577712102717,2022-06-14,Jun-14-2022,225.28577712102717,1013
93287,3,0.6671839401412453,2022-06-14,Jun-14-2022,0.6671839401412453,3
93301,61,13.566073449538656,2022-06-14,Jun-14-2022,13.566073449538656,61
93304,30,6.671839401412453,2022-06-14,Jun-14-2022,6.671839401412453,30
93305,18,4.003103640847471,2022-06-14,Jun-14-2022,4.003103640847471,18
93306,547,121.6498717524204,2022-06-14,Jun-14-2022,121.6498717524204,547
93308,801,178.1381120177125,2022-06-14,Jun-14-2022,178.1381120177125,801
93309,106,23.573832551657333,2022-06-14,Jun-14-2022,23.573832551657333,106
93312,101,22.461859318088592,2022-06-14,Jun-14-2022,22.461859318088592,101
93314,55,12.231705569256164,2022-06-14,Jun-14-2022,12.231705569256164,55
93518,0,0,2022-06-14,Jun-14-2022,0,0
93531,0,0,2022-06-14,Jun-14-2022,0,0
93561,0,0,2022-06-14,Jun-14-2022,0,0
93252,142,31.580039833352277,2022-06-30,Jun-30-2022,31.580039833352277,142
93268,29,6.449444754698704,2022-06-30,Jun-30-2022,6.449444754698704,29
93307,2013,447.6804238347756,2022-06-30,Jun-30-2022,447.6804238347756,2013
93311,767,170.57669402944504,2022-06-30,Jun-30-2022,170.57669402944504,767
93313,496,110.30774477001924,2022-06-30,Jun-30-2022,110.30774477001924,496
93461,0,0,2022-06-30,Jun-30-2022,0,0
93203,1115,247.9700310858295,2022-06-30,Jun-30-2022,247.9700310858295,1115
93206,373,82.95320322422816,2022-06-30,Jun-30-2022,82.95320322422816,373
93215,1907,424.10659128311823,2022-06-30,Jun-30-2022,424.10659128311823,1907
93220,9,2.0015518204237357,2022-06-30,Jun-30-2022,2.0015518204237357,9
93224,23,5.115076874416214,2022-06-30,Jun-30-2022,5.115076874416214,23
93241,5,1.1119732335687422,2022-06-30,Jun-30-2022,1.1119732335687422,5
93243,34,7.561417988267447,2022-06-30,Jun-30-2022,7.561417988267447,34
93249,833,185.25474071255243,2022-06-30,Jun-30-2022,185.25474071255243,833
93250,270,60.04655461271208,2022-06-30,Jun-30-2022,60.04655461271208,270
93251,72,16.012414563389886,2022-06-30,Jun-30-2022,16.012414563389886,72
93263,424,94.29533020662932,2022-06-30,Jun-30-2022,94.29533020662932,424
93276,12,2.668735760564981,2022-06-30,Jun-30-2022,2.668735760564981,12
93280,935,207.93899467735477,2022-06-30,Jun-30-2022,207.93899467735477,935
93287,2,0.4447892934274969,2022-06-30,Jun-30-2022,0.4447892934274969,2
93301,54,12.009310922542417,2022-06-30,Jun-30-2022,12.009310922542417,54
93304,33,7.339023341553698,2022-06-30,Jun-30-2022,7.339023341553698,33
93305,27,6.0046554612712075,2022-06-30,Jun-30-2022,6.0046554612712075,27
93306,596,132.54720944139407,2022-06-30,Jun-30-2022,132.54720944139407,596
93308,768,170.7990886761588,2022-06-30,Jun-30-2022,170.7990886761588,768
93309,115,25.575384372081068,2022-06-30,Jun-30-2022,25.575384372081068,115
93312,107,23.79622719837108,2022-06-30,Jun-30-2022,23.79622719837108,107
93314,64,14.2332573896799,2022-06-30,Jun-30-2022,14.2332573896799,64
93518,0,0,2022-06-30,Jun-30-2022,0,0
93531,0,0,2022-06-30,Jun-30-2022,0,0
93561,0,0,2022-06-30,Jun-30-2022,0,0
93252,140,31.13525053992478,2022-07-08,Jul-08-2022,31.13525053992478,140
93268,28,6.227050107984956,2022-07-08,Jul-08-2022,6.227050107984956,28
93307,1931,429.44406280424823,2022-07-08,Jul-08-2022,429.44406280424823,1931
93311,662,147.22525612450147,2022-07-08,Jul-08-2022,147.22525612450147,662
93313,471,104.7478786021755,2022-07-08,Jul-08-2022,104.7478786021755,471
93461,0,0,2022-07-08,Jul-08-2022,0,0
93203,1035,230.17845934872963,2022-07-08,Jul-08-2022,230.17845934872963,1035
93206,375,83.39799251765567,2022-07-08,Jul-08-2022,83.39799251765567,375
93215,1893,420.99306622912576,2022-07-08,Jul-08-2022,420.99306622912576,1893
93220,8,1.7791571737099874,2022-07-08,Jul-08-2022,1.7791571737099874,8
93224,16,3.5583143474199748,2022-07-08,Jul-08-2022,3.5583143474199748,16
93241,1,0.2223946467137484,2022-07-08,Jul-08-2022,0.2223946467137484,1
93243,37,8.228601928408692,2022-07-08,Jul-08-2022,8.228601928408692,37
93249,785,174.57979767029252,2022-07-08,Jul-08-2022,174.57979767029252,785
93250,314,69.831919068117,2022-07-08,Jul-08-2022,69.831919068117,314
93251,71,15.79001991667614,2022-07-08,Jul-08-2022,15.79001991667614,71
93263,460,102.30153748832429,2022-07-08,Jul-08-2022,102.30153748832429,460
93276,18,4.003103640847471,2022-07-08,Jul-08-2022,4.003103640847471,18
93280,965,214.61083407876723,2022-07-08,Jul-08-2022,214.61083407876723,965
93287,4,0.8895785868549937,2022-07-08,Jul-08-2022,0.8895785868549937,4
93301,57,12.67649486268366,2022-07-08,Jul-08-2022,12.67649486268366,57
93304,34,7.561417988267447,2022-07-08,Jul-08-2022,7.561417988267447,34
93305,19,4.22549828756122,2022-07-08,Jul-08-2022,4.22549828756122,19
93306,573,127.43213256697786,2022-07-08,Jul-08-2022,127.43213256697786,573
93308,684,152.11793835220394,2022-07-08,Jul-08-2022,152.11793835220394,684
93309,103,22.90664861151609,2022-07-08,Jul-08-2022,22.90664861151609,103
93312,101,22.461859318088592,2022-07-08,Jul-08-2022,22.461859318088592,101
93314,59,13.121284156111155,2022-07-08,Jul-08-2022,13.121284156111155,59
93518,0,0,2022-07-08,Jul-08-2022,0,0
93531,0,0,2022-07-08,Jul-08-2022,0,0
93561,0,0,2022-07-08,Jul-08-2022,0,0
93252,127,28.24412013264605,2022-07-16,Jul-16-2022,28.24412013264605,127
93268,24,5.337471521129962,2022-07-16,Jul-16-2022,5.337471521129962,24
93307,1852,411.8748857138621,2022-07-16,Jul-16-2022,411.8748857138621,1852
93311,642,142.77736319022648,2022-07-16,Jul-16-2022,142.77736319022648,642
93313,473,105.192667895603,2022-07-16,Jul-16-2022,105.192667895603,473
93461,0,0,2022-07-16,Jul-16-2022,0,0
93203,946,210.385335791206,2022-07-16,Jul-16-2022,210.385335791206,946
93206,335,74.50220664910573,2022-07-16,Jul-16-2022,74.50220664910573,335
93215,1861,413.87643753428586,2022-07-16,Jul-16-2022,413.87643753428586,1861
93220,9,2.0015518204237357,2022-07-16,Jul-16-2022,2.0015518204237357,9
93224,22,4.8926822277024655,2022-07-16,Jul-16-2022,4.8926822277024655,22
93241,4,0.8895785868549937,2022-07-16,Jul-16-2022,0.8895785868549937,4
93243,34,7.561417988267447,2022-07-16,Jul-16-2022,7.561417988267447,34
93249,838,186.3667139461212,2022-07-16,Jul-16-2022,186.3667139461212,838
93250,275,61.15852784628082,2022-07-16,Jul-16-2022,61.15852784628082,275
93251,65,14.455652036393648,2022-07-16,Jul-16-2022,14.455652036393648,65
93263,409,90.9594105059231,2022-07-16,Jul-16-2022,90.9594105059231,409
93276,16,3.5583143474199748,2022-07-16,Jul-16-2022,3.5583143474199748,16
93280,948,210.83012508463352,2022-07-16,Jul-16-2022,210.83012508463352,948
93287,3,0.6671839401412453,2022-07-16,Jul-16-2022,0.6671839401412453,3
93301,50,11.119732335687422,2022-07-16,Jul-16-2022,11.119732335687422,50
93304,31,6.894234048126202,2022-07-16,Jul-16-2022,6.894234048126202,31
93305,23,5.115076874416214,2022-07-16,Jul-16-2022,5.115076874416214,23
93306,574,127.6545272136916,2022-07-16,Jul-16-2022,127.6545272136916,574
93308,611,135.8831291421003,2022-07-16,Jul-16-2022,135.8831291421003,611
93309,92,20.460307497664857,2022-07-16,Jul-16-2022,20.460307497664857,92
93312,101,22.461859318088592,2022-07-16,Jul-16-2022,22.461859318088592,101
93314,53,11.786916275828666,2022-07-16,Jul-16-2022,11.786916275828666,53
93518,0,0,2022-07-16,Jul-16-2022,0,0
93531,0,0,2022-07-16,Jul-16-2022,0,0
93561,0,0,2022-07-16,Jul-16-2022,0,0
93252,156,34.693564887344756,2022-07-24,Jul-24-2022,34.693564887344756,156
93268,31,6.894234048126202,2022-07-24,Jul-24-2022,6.894234048126202,31
93307,2004,445.67887201435184,2022-07-24,Jul-24-2022,445.67887201435184,2004
93311,704,156.5658312864789,2022-07-24,Jul-24-2022,156.5658312864789,704
93313,527,117.20197881814542,2022-07-24,Jul-24-2022,117.20197881814542,527
93461,0,0,2022-07-24,Jul-24-2022,0,0
93203,1043,231.9576165224396,2022-07-24,Jul-24-2022,231.9576165224396,1043
93206,351,78.0605209965257,2022-07-24,Jul-24-2022,78.0605209965257,351
93215,1897,421.8826448159808,2022-07-24,Jul-24-2022,421.8826448159808,1897
93220,6,1.3343678802824903,2022-07-24,Jul-24-2022,1.3343678802824903,6
93224,18,4.003103640847471,2022-07-24,Jul-24-2022,4.003103640847471,18
93241,5,1.1119732335687422,2022-07-24,Jul-24-2022,1.1119732335687422,5
93243,42,9.340575161977434,2022-07-24,Jul-24-2022,9.340575161977434,42
93249,823,183.03079424541497,2022-07-24,Jul-24-2022,183.03079424541497,823
93250,295,65.60642078055578,2022-07-24,Jul-24-2022,65.60642078055578,295
93251,65,14.455652036393648,2022-07-24,Jul-24-2022,14.455652036393648,65
93263,416,92.51617303291934,2022-07-24,Jul-24-2022,92.51617303291934,416
93276,15,3.3359197007062265,2022-07-24,Jul-24-2022,3.3359197007062265,15
93280,943,209.71815185106476,2022-07-24,Jul-24-2022,209.71815185106476,943
93287,5,1.1119732335687422,2022-07-24,Jul-24-2022,1.1119732335687422,5
93301,56,12.454100215969913,2022-07-24,Jul-24-2022,12.454100215969913,56
93304,53,11.786916275828666,2022-07-24,Jul-24-2022,11.786916275828666,53
93305,24,5.337471521129962,2022-07-24,Jul-24-2022,5.337471521129962,24
93306,601,133.6591826749628,2022-07-24,Jul-24-2022,133.6591826749628,601
93308,771,171.46627261630005,2022-07-24,Jul-24-2022,171.46627261630005,771
93309,117,26.020173665508565,2022-07-24,Jul-24-2022,26.020173665508565,117
93312,120,26.68735760564981,2022-07-24,Jul-24-2022,26.68735760564981,120
93314,53,11.786916275828666,2022-07-24,Jul-24-2022,11.786916275828666,53
93518,0,0,2022-07-24,Jul-24-2022,0,0
93531,0,0,2022-07-24,Jul-24-2022,0,0
93561,0,0,2022-07-24,Jul-24-2022,0,0
93252,124,27.576936192504807,2022-08-25,Aug-25-2022,27.576936192504807,124
93268,14,3.113525053992478,2022-08-25,Aug-25-2022,3.113525053992478,14
93307,1701,378.29329406008605,2022-08-25,Aug-25-2022,378.29329406008605,1701
93311,606,134.77115590853154,2022-08-25,Aug-25-2022,134.77115590853154,606
93313,321,71.38868159511324,2022-08-25,Aug-25-2022,71.38868159511324,321
93461,0,0,2022-08-25,Aug-25-2022,0,0
93203,978,217.501964486046,2022-08-25,Aug-25-2022,217.501964486046,978
93206,351,78.0605209965257,2022-08-25,Aug-25-2022,78.0605209965257,351
93215,1869,415.6555947079958,2022-08-25,Aug-25-2022,415.6555947079958,1869
93220,8,1.7791571737099874,2022-08-25,Aug-25-2022,1.7791571737099874,8
93224,18,4.003103640847471,2022-08-25,Aug-25-2022,4.003103640847471,18
93241,1,0.2223946467137484,2022-08-25,Aug-25-2022,0.2223946467137484,1
93243,28,6.227050107984956,2022-08-25,Aug-25-2022,6.227050107984956,28
93249,735,163.4600653346051,2022-08-25,Aug-25-2022,163.4600653346051,735
93250,201,44.70132398946343,2022-08-25,Aug-25-2022,44.70132398946343,201
93251,58,12.898889509397408,2022-08-25,Aug-25-2022,12.898889509397408,58
93263,393,87.40109615850314,2022-08-25,Aug-25-2022,87.40109615850314,393
93276,15,3.3359197007062265,2022-08-25,Aug-25-2022,3.3359197007062265,15
93280,909,202.15673386279732,2022-08-25,Aug-25-2022,202.15673386279732,909
93287,7,1.556762526996239,2022-08-25,Aug-25-2022,1.556762526996239,7
93301,26,5.782260814557459,2022-08-25,Aug-25-2022,5.782260814557459,26
93304,39,8.673391221836189,2022-08-25,Aug-25-2022,8.673391221836189,39
93305,13,2.8911304072787294,2022-08-25,Aug-25-2022,2.8911304072787294,13
93306,578,128.5441058005466,2022-08-25,Aug-25-2022,128.5441058005466,578
93308,578,128.5441058005466,2022-08-25,Aug-25-2022,128.5441058005466,578
93309,61,13.566073449538656,2022-08-25,Aug-25-2022,13.566073449538656,61
93312,104,23.129043258229835,2022-08-25,Aug-25-2022,23.129043258229835,104
93314,70,15.56762526996239,2022-08-25,Aug-25-2022,15.56762526996239,70
93518,230,51.150768744162136,2022-08-25,Aug-25-2022,51.150768744162136,230
93531,0,0,2022-08-25,Aug-25-2022,0,0
93561,0,0,2022-08-25,Aug-25-2022,0,0
93252,130,28.911304072787296,2022-09-02,Sep-02-2022,28.911304072787296,130
93268,15,3.3359197007062265,2022-09-02,Sep-02-2022,3.3359197007062265,15
93307,1654,367.8407456645399,2022-09-02,Sep-02-2022,367.8407456645399,1654
93311,517,114.97803235100794,2022-09-02,Sep-02-2022,114.97803235100794,517
93313,279,62.048106433135814,2022-09-02,Sep-02-2022,62.048106433135814,279
93461,0,0,2022-09-02,Sep-02-2022,0,0
93203,934,207.71660003064105,2022-09-02,Sep-02-2022,207.71660003064105,934
93206,330,73.39023341553698,2022-09-02,Sep-02-2022,73.39023341553698,330
93215,1901,422.7722234028358,2022-09-02,Sep-02-2022,422.7722234028358,1901
93220,7,1.556762526996239,2022-09-02,Sep-02-2022,1.556762526996239,7
93224,25,5.559866167843711,2022-09-02,Sep-02-2022,5.559866167843711,25
93241,2,0.4447892934274969,2022-09-02,Sep-02-2022,0.4447892934274969,2
93243,30,6.671839401412453,2022-09-02,Sep-02-2022,6.671839401412453,30
93249,802,178.36050666442625,2022-09-02,Sep-02-2022,178.36050666442625,802
93250,208,46.25808651645967,2022-09-02,Sep-02-2022,46.25808651645967,208
93251,61,13.566073449538656,2022-09-02,Sep-02-2022,13.566073449538656,61
93263,399,88.73546403878562,2022-09-02,Sep-02-2022,88.73546403878562,399
93276,17,3.780708994133723,2022-09-02,Sep-02-2022,3.780708994133723,17
93280,941,209.27336255763728,2022-09-02,Sep-02-2022,209.27336255763728,941
93287,4,0.8895785868549937,2022-09-02,Sep-02-2022,0.8895785868549937,4
93301,7,1.556762526996239,2022-09-02,Sep-02-2022,1.556762526996239,7
93304,34,7.561417988267447,2022-09-02,Sep-02-2022,7.561417988267447,34
93305,10,2.2239464671374845,2022-09-02,Sep-02-2022,2.2239464671374845,10
93306,569,126.54255398012286,2022-09-02,Sep-02-2022,126.54255398012286,569
93308,541,120.3155038721379,2022-09-02,Sep-02-2022,120.3155038721379,541
93309,58,12.898889509397408,2022-09-02,Sep-02-2022,12.898889509397408,58
93312,91,20.23791285095111,2022-09-02,Sep-02-2022,20.23791285095111,91
93314,32,7.1166286948399495,2022-09-02,Sep-02-2022,7.1166286948399495,32
93518,199,44.256534696035935,2022-09-02,Sep-02-2022,44.256534696035935,199
93531,0,0,2022-09-02,Sep-02-2022,0,0
93561,0,0,2022-09-02,Sep-02-2022,0,0
93252,143,31.802434480066022,2022-10-04,Oct-04-2022,31.802434480066022,143
93268,25,5.559866167843711,2022-10-04,Oct-04-2022,5.559866167843711,25
93307,1851,411.65249106714833,2022-10-04,Oct-04-2022,411.65249106714833,1851
93311,688,153.00751693905892,2022-10-04,Oct-04-2022,153.00751693905892,688
93313,594,132.10242014796657,2022-10-04,Oct-04-2022,132.10242014796657,594
93461,0,0,2022-10-04,Oct-04-2022,0,0
93203,1093,243.07734885812704,2022-10-04,Oct-04-2022,243.07734885812704,1093
93206,335,74.50220664910573,2022-10-04,Oct-04-2022,74.50220664910573,335
93215,1170,260.20173665508565,2022-10-04,Oct-04-2022,260.20173665508565,1170
93220,13,2.8911304072787294,2022-10-04,Oct-04-2022,2.8911304072787294,13
93224,26,5.782260814557459,2022-10-04,Oct-04-2022,5.782260814557459,26
93241,2,0.4447892934274969,2022-10-04,Oct-04-2022,0.4447892934274969,2
93243,79,17.569177090386127,2022-10-04,Oct-04-2022,17.569177090386127,79
93249,773,171.91106190972755,2022-10-04,Oct-04-2022,171.91106190972755,773
93250,225,50.038795510593395,2022-10-04,Oct-04-2022,50.038795510593395,225
93251,73,16.234809210103634,2022-10-04,Oct-04-2022,16.234809210103634,73
93263,438,97.4088552606218,2022-10-04,Oct-04-2022,97.4088552606218,438
93276,22,4.8926822277024655,2022-10-04,Oct-04-2022,4.8926822277024655,22
93280,1492,331.81281289691265,2022-10-04,Oct-04-2022,331.81281289691265,1492
93287,6,1.3343678802824903,2022-10-04,Oct-04-2022,1.3343678802824903,6
93301,37,8.228601928408692,2022-10-04,Oct-04-2022,8.228601928408692,37
93304,64,14.2332573896799,2022-10-04,Oct-04-2022,14.2332573896799,64
93305,25,5.559866167843711,2022-10-04,Oct-04-2022,5.559866167843711,25
93306,632,140.553416723089,2022-10-04,Oct-04-2022,140.553416723089,632
93308,685,152.3403329989177,2022-10-04,Oct-04-2022,152.3403329989177,685
93309,102,22.68425396480234,2022-10-04,Oct-04-2022,22.68425396480234,102
93312,139,30.91285589321103,2022-10-04,Oct-04-2022,30.91285589321103,139
93314,50,11.119732335687422,2022-10-04,Oct-04-2022,11.119732335687422,50
93518,77,17.12438779695863,2022-10-04,Oct-04-2022,17.12438779695863,77
93531,0,0,2022-10-04,Oct-04-2022,0,0
93561,0,0,2022-10-04,Oct-04-2022,0,0
93252,162,36.02793276762725,2022-10-12,Oct-12-2022,36.02793276762725,162
93268,24,5.337471521129962,2022-10-12,Oct-12-2022,5.337471521129962,24
93307,1938,431.00082533124447,2022-10-12,Oct-12-2022,431.00082533124447,1938
93311,812,180.58445313156372,2022-10-12,Oct-12-2022,180.58445313156372,812
93313,661,147.00286147778772,2022-10-12,Oct-12-2022,147.00286147778772,661
93461,0,0,2022-10-12,Oct-12-2022,0,0
93203,1412,314.0212411598128,2022-10-12,Oct-12-2022,314.0212411598128,1412
93206,375,83.39799251765567,2022-10-12,Oct-12-2022,83.39799251765567,375
93215,1181,262.6480777689369,2022-10-12,Oct-12-2022,262.6480777689369,1181
93220,10,2.2239464671374845,2022-10-12,Oct-12-2022,2.2239464671374845,10
93224,7,1.556762526996239,2022-10-12,Oct-12-2022,1.556762526996239,7
93241,4,0.8895785868549937,2022-10-12,Oct-12-2022,0.8895785868549937,4
93243,76,16.90199315024488,2022-10-12,Oct-12-2022,16.90199315024488,76
93249,724,161.01372422075386,2022-10-12,Oct-12-2022,161.01372422075386,724
93250,235,52.26274197773088,2022-10-12,Oct-12-2022,52.26274197773088,235
93251,66,14.678046683107397,2022-10-12,Oct-12-2022,14.678046683107397,66
93263,466,103.63590536860676,2022-10-12,Oct-12-2022,103.63590536860676,466
93276,20,4.447892934274969,2022-10-12,Oct-12-2022,4.447892934274969,20
93280,1927,428.5544842173932,2022-10-12,Oct-12-2022,428.5544842173932,1927
93287,8,1.7791571737099874,2022-10-12,Oct-12-2022,1.7791571737099874,8
93301,63,14.01086274296615,2022-10-12,Oct-12-2022,14.01086274296615,63
93304,80,17.791571737099876,2022-10-12,Oct-12-2022,17.791571737099876,80
93305,46,10.230153748832429,2022-10-12,Oct-12-2022,10.230153748832429,46
93306,636,141.442995309944,2022-10-12,Oct-12-2022,141.442995309944,636
93308,722,160.56893492732635,2022-10-12,Oct-12-2022,160.56893492732635,722
93309,104,23.129043258229835,2022-10-12,Oct-12-2022,23.129043258229835,104
93312,131,29.133698719501044,2022-10-12,Oct-12-2022,29.133698719501044,131
93314,47,10.452548395546176,2022-10-12,Oct-12-2022,10.452548395546176,47
93518,67,14.900441329821144,2022-10-12,Oct-12-2022,14.900441329821144,67
93531,0,0,2022-10-12,Oct-12-2022,0,0
93561,0,0,2022-10-12,Oct-12-2022,0,0
93252,3592,798.8415709957843,2022-11-13,Nov-13-2022,42.2549828756122,190
93268,9358,2081.169103947258,2022-11-13,Nov-13-2022,27.46573886914793,124
93307,4719,1049.4803378421789,2022-11-13,Nov-13-2022,469.1415072426523,2110
93311,55495,12341.79091937947,2022-11-13,Nov-13-2022,316.6899769203778,1424
93313,33097,7360.595622284932,2022-11-13,Nov-13-2022,191.59298814389427,862
93461,0,0,2022-11-13,Nov-13-2022,0,0
93203,3579,795.9504405885057,2022-11-13,Nov-13-2022,363.5040500536219,1634
93206,6245,1388.854568727359,2022-11-13,Nov-13-2022,320.4706859145115,1441
93215,10179,2263.7551088992454,2022-11-13,Nov-13-2022,268.763930553565,1208
93220,7,1.556762526996239,2022-11-13,Nov-13-2022,24.908200431939825,112
93224,8476,1885.0170255457317,2022-11-13,Nov-13-2022,34.804762210701625,156
93241,6,1.3343678802824903,2022-11-13,Nov-13-2022,0.8895785868549937,4
93243,439,97.63124990733556,2022-11-13,Nov-13-2022,54.59788576822524,246
93249,1121,249.304398966112,2022-11-13,Nov-13-2022,190.81460688039616,858
93250,9206,2047.365117646768,2022-11-13,Nov-13-2022,65.16163148712829,293
93251,9741,2166.3462536386232,2022-11-13,Nov-13-2022,60.71373855285332,273
93263,2870,638.272636068458,2022-11-13,Nov-13-2022,127.32093524362095,572
93276,73,16.234809210103634,2022-11-13,Nov-13-2022,5.337471521129963,24
93280,6392,1421.54658179428,2022-11-13,Nov-13-2022,897.5847941366885,4036
93287,303,67.38557795426577,2022-11-13,Nov-13-2022,4.003103640847472,18
93301,61,13.566073449538656,2022-11-13,Nov-13-2022,15.901217240033013,72
93304,930,206.82702144378604,2022-11-13,Nov-13-2022,24.463411138512328,110
93305,100,22.239464671374844,2022-11-13,Nov-13-2022,44.590126666106556,200
93306,62,13.788468096252403,2022-11-13,Nov-13-2022,261.9808938287957,1178
93308,20052,4459.457455904084,2022-11-13,Nov-13-2022,250.193977552967,1125
93309,3438,764.5927954018671,2022-11-13,Nov-13-2022,35.471946150842875,160
93312,7055,1568.9942325654952,2022-11-13,Nov-13-2022,35.69434079755662,160
93314,16210,3605.017223229862,2022-11-13,Nov-13-2022,15.234033299891767,68
93518,628,139.663838136234,2022-11-13,Nov-13-2022,49.14921692373841,221
93531,0,0,2022-11-13,Nov-13-2022,3.8919063174905975,18
93561,57,12.67649486268366,2022-11-13,Nov-13-2022,23.46263522830046,106
93252,218,48.48203298359716,2022-11-29,Nov-29-2022,48.48203298359716,218
93268,223,49.5940062171659,2022-11-29,Nov-29-2022,49.5940062171659,223
93307,2281,507.2821891540602,2022-11-29,Nov-29-2022,507.2821891540602,2281
93311,2036,452.7955007091918,2022-11-29,Nov-29-2022,452.7955007091918,2036
93313,1062,236.18311481000083,2022-11-29,Nov-29-2022,236.18311481000083,1062
93461,0,0,2022-11-29,Nov-29-2022,0,0
93203,1857,412.9868589474309,2022-11-29,Nov-29-2022,412.9868589474309,1857
93206,2507,557.5433793113673,2022-11-29,Nov-29-2022,557.5433793113673,2507
93215,1236,274.8797833381931,2022-11-29,Nov-29-2022,274.8797833381931,1236
93220,214,47.59245439674216,2022-11-29,Nov-29-2022,47.59245439674216,214
93224,306,68.05276189440701,2022-11-29,Nov-29-2022,68.05276189440701,306
93241,4,0.8895785868549937,2022-11-29,Nov-29-2022,0.8895785868549937,4
93243,415,92.2937783862056,2022-11-29,Nov-29-2022,92.2937783862056,415
93249,992,220.61548954003845,2022-11-29,Nov-29-2022,220.61548954003845,992
93250,351,78.0605209965257,2022-11-29,Nov-29-2022,78.0605209965257,351
93251,480,106.74943042259925,2022-11-29,Nov-29-2022,106.74943042259925,480
93263,679,151.00596511863515,2022-11-29,Nov-29-2022,151.00596511863515,679
93276,28,6.227050107984956,2022-11-29,Nov-29-2022,6.227050107984956,28
93280,6145,1366.615104055984,2022-11-29,Nov-29-2022,1366.615104055984,6145
93287,28,6.227050107984956,2022-11-29,Nov-29-2022,6.227050107984956,28
93301,80,17.791571737099876,2022-11-29,Nov-29-2022,17.791571737099876,80
93304,140,31.13525053992478,2022-11-29,Nov-29-2022,31.13525053992478,140
93305,355,78.95009958338069,2022-11-29,Nov-29-2022,78.95009958338069,355
93306,1720,382.5187923476473,2022-11-29,Nov-29-2022,382.5187923476473,1720
93308,1528,339.8190201786076,2022-11-29,Nov-29-2022,339.8190201786076,1528
93309,215,47.814849043455915,2022-11-29,Nov-29-2022,47.814849043455915,215
93312,190,42.2549828756122,2022-11-29,Nov-29-2022,42.2549828756122,190
93314,90,20.01551820423736,2022-11-29,Nov-29-2022,20.01551820423736,90
93518,375,83.39799251765567,2022-11-29,Nov-29-2022,83.39799251765567,375
93531,35,7.783812634981195,2022-11-29,Nov-29-2022,7.783812634981195,35
93561,211,46.92527045660092,2022-11-29,Nov-29-2022,46.92527045660092,211
93252,237,52.70753127115838,2023-01-24,Jan-24-2023,52.70753127115838,237
93268,824,183.25318889212872,2023-01-24,Jan-24-2023,183.25318889212872,824
93307,3589,798.1743870556431,2023-01-24,Jan-24-2023,798.1743870556431,3589
93311,8673,1928.82877094834,2023-01-24,Jan-24-2023,1928.82877094834,8673
93313,8856,1969.526991296956,2023-01-24,Jan-24-2023,1969.526991296956,8856
93461,1,0.2223946467137484,2023-01-24,Jan-24-2023,0.2223946467137484,1
93203,4648,1033.6903179255028,2023-01-24,Jan-24-2023,1033.6903179255028,4648
93206,9199,2045.8083551197717,2023-01-24,Jan-24-2023,2045.8083551197717,9199
93215,1711,380.5172405272236,2023-01-24,Jan-24-2023,380.5172405272236,1711
93220,148,32.914407713634766,2023-01-24,Jan-24-2023,32.914407713634766,148
93224,138,30.69046124649728,2023-01-24,Jan-24-2023,30.69046124649728,138
93241,38,8.45099657512244,2023-01-24,Jan-24-2023,8.45099657512244,38
93243,393,87.40109615850314,2023-01-24,Jan-24-2023,87.40109615850314,393
93249,1661,369.39750819153613,2023-01-24,Jan-24-2023,369.39750819153613,1661
93250,908,201.93433921608357,2023-01-24,Jan-24-2023,201.93433921608357,908
93251,503,111.86450729701546,2023-01-24,Jan-24-2023,111.86450729701546,503
93263,804,178.80529595785373,2023-01-24,Jan-24-2023,178.80529595785373,804
93276,35,7.783812634981195,2023-01-24,Jan-24-2023,7.783812634981195,35
93280,13322,2962.741483520557,2023-01-24,Jan-24-2023,2962.741483520557,13322
93287,17,3.780708994133723,2023-01-24,Jan-24-2023,3.780708994133723,17
93301,402,89.40264797892686,2023-01-24,Jan-24-2023,89.40264797892686,402
93304,163,36.250327414340994,2023-01-24,Jan-24-2023,36.250327414340994,163
93305,506,112.53169123715672,2023-01-24,Jan-24-2023,112.53169123715672,506
93306,1815,403.6462837854534,2023-01-24,Jan-24-2023,403.6462837854534,1815
93308,3223,716.7779463584112,2023-01-24,Jan-24-2023,716.7779463584112,3223
93309,475,105.6374571890305,2023-01-24,Jan-24-2023,105.6374571890305,475
93312,249,55.37626703172336,2023-01-24,Jan-24-2023,55.37626703172336,249
93314,543,120.7602931655654,2023-01-24,Jan-24-2023,120.7602931655654,543
93518,118,26.24256831222231,2023-01-24,Jan-24-2023,26.24256831222231,118
93531,31,6.894234048126202,2023-01-24,Jan-24-2023,6.894234048126202,31
93561,205,45.59090257631843,2023-01-24,Jan-24-2023,45.59090257631843,205
93252,222,49.37161157045215,2023-02-01,Feb-01-2023,49.37161157045215,222
93268,642,142.77736319022648,2023-02-01,Feb-01-2023,142.77736319022648,642
93307,3452,767.7063204558596,2023-02-01,Feb-01-2023,767.7063204558596,3452
93311,10379,2308.2340382419948,2023-02-01,Feb-01-2023,2308.2340382419948,10379
93313,9073,2017.7866296338395,2023-02-01,Feb-01-2023,2017.7866296338395,9073
93461,1,0.2223946467137484,2023-02-01,Feb-01-2023,0.2223946467137484,1
93203,3845,855.1074166143627,2023-02-01,Feb-01-2023,855.1074166143627,3845
93206,11094,2467.246210642325,2023-02-01,Feb-01-2023,2467.246210642325,11094
93215,2724,605.8030176482507,2023-02-01,Feb-01-2023,605.8030176482507,2724
93220,63,14.01086274296615,2023-02-01,Feb-01-2023,14.01086274296615,63
93224,137,30.468066599783533,2023-02-01,Feb-01-2023,30.468066599783533,137
93241,25,5.559866167843711,2023-02-01,Feb-01-2023,5.559866167843711,25
93243,293,65.16163148712829,2023-02-01,Feb-01-2023,65.16163148712829,293
93249,1400,311.3525053992478,2023-02-01,Feb-01-2023,311.3525053992478,1400
93250,689,153.22991158577267,2023-02-01,Feb-01-2023,153.22991158577267,689
93251,281,62.49289572656331,2023-02-01,Feb-01-2023,62.49289572656331,281
93263,1808,402.0895212584572,2023-02-01,Feb-01-2023,402.0895212584572,1808
93276,32,7.1166286948399495,2023-02-01,Feb-01-2023,7.1166286948399495,32
93280,12257,2725.8911847704144,2023-02-01,Feb-01-2023,2725.8911847704144,12257
93287,10,2.2239464671374845,2023-02-01,Feb-01-2023,2.2239464671374845,10
93301,342,76.05896917610197,2023-02-01,Feb-01-2023,76.05896917610197,342
93304,125,27.799330839218555,2023-02-01,Feb-01-2023,27.799330839218555,125
93305,417,92.73856767963308,2023-02-01,Feb-01-2023,92.73856767963308,417
93306,1439,320.025896621084,2023-02-01,Feb-01-2023,320.025896621084,1439
93308,3031,674.0781741893715,2023-02-01,Feb-01-2023,674.0781741893715,3031
93309,676,150.33878117849395,2023-02-01,Feb-01-2023,150.33878117849395,676
93312,252,56.0434509718646,2023-02-01,Feb-01-2023,56.0434509718646,252
93314,989,219.9483055998972,2023-02-01,Feb-01-2023,219.9483055998972,989
93518,79,17.569177090386127,2023-02-01,Feb-01-2023,17.569177090386127,79
93531,0,0,2023-02-01,Feb-01-2023,0,0
93561,60,13.343678802824906,2023-02-01,Feb-01-2023,13.343678802824906,60
93252,200,44.47892934274969,2023-02-09,Feb-09-2023,44.47892934274969,200
93268,245,54.48668844486836,2023-02-09,Feb-09-2023,54.48668844486836,245
93307,3088,686.7546690520552,2023-02-09,Feb-09-2023,686.7546690520552,3088
93311,8203,1824.3032869928784,2023-02-09,Feb-09-2023,1824.3032869928784,8203
93313,5325,1184.2514937507103,2023-02-09,Feb-09-2023,1184.2514937507103,5325
93461,1,0.2223946467137484,2023-02-09,Feb-09-2023,0.2223946467137484,1
93203,5502,1223.6153462190441,2023-02-09,Feb-09-2023,1223.6153462190441,5502
93206,10116,2249.744246156279,2023-02-09,Feb-09-2023,2249.744246156279,10116
93215,2739,609.1389373489569,2023-02-09,Feb-09-2023,609.1389373489569,2739
93220,15,3.3359197007062265,2023-02-09,Feb-09-2023,3.3359197007062265,15
93224,89,19.79312355752361,2023-02-09,Feb-09-2023,19.79312355752361,89
93241,8,1.7791571737099874,2023-02-09,Feb-09-2023,1.7791571737099874,8
93243,240,53.37471521129962,2023-02-09,Feb-09-2023,53.37471521129962,240
93249,1200,266.8735760564981,2023-02-09,Feb-09-2023,266.8735760564981,1200
93250,590,131.21284156111156,2023-02-09,Feb-09-2023,131.21284156111156,590
93251,191,42.47737752232595,2023-02-09,Feb-09-2023,42.47737752232595,191
93263,2609,580.2276332761696,2023-02-09,Feb-09-2023,580.2276332761696,2609
93276,31,6.894234048126202,2023-02-09,Feb-09-2023,6.894234048126202,31
93280,8633,1919.93298507979,2023-02-09,Feb-09-2023,1919.93298507979,8633
93287,3,0.6671839401412453,2023-02-09,Feb-09-2023,0.6671839401412453,3
93301,238,52.929925917872126,2023-02-09,Feb-09-2023,52.929925917872126,238
93304,104,23.129043258229835,2023-02-09,Feb-09-2023,23.129043258229835,104
93305,324,72.0558655352545,2023-02-09,Feb-09-2023,72.0558655352545,324
93306,1130,251.30595078653573,2023-02-09,Feb-09-2023,251.30595078653573,1130
93308,2301,511.7300820883351,2023-02-09,Feb-09-2023,511.7300820883351,2301
93309,458,101.85674819489678,2023-02-09,Feb-09-2023,101.85674819489678,458
93312,226,50.26119015730715,2023-02-09,Feb-09-2023,50.26119015730715,226
93314,2265,503.7238748066402,2023-02-09,Feb-09-2023,503.7238748066402,2265
93518,38,8.45099657512244,2023-02-09,Feb-09-2023,8.45099657512244,38
93531,NA,NA,2023-02-09,Feb-09-2023,0,0
93561,29,6.449444754698704,2023-02-09,Feb-09-2023,6.449444754698704,29
93252,102,22.68425396480234,2023-03-13,Mar-13-2023,38.58547120483536,174
93268,23,5.115076874416214,2023-03-13,Mar-13-2023,31.13525053992478,140
93307,2743,610.0285159358119,2023-03-13,Mar-13-2023,660.400903416476,2970
93311,2762,614.2540142233731,2023-03-13,Mar-13-2023,1576.2220585836922,7088
93313,1386,308.2389803452553,2023-03-13,Mar-13-2023,849.1027611530915,3818
93461,0,0,2023-03-13,Mar-13-2023,0.33359197007062263,2
93203,5217,1160.2328719056256,2023-03-13,Mar-13-2023,1218.277874697914,5478
93206,3314,737.0158592093622,2023-03-13,Mar-13-2023,2273.429276031293,10222
93215,2803,623.3721947386368,2023-03-13,Mar-13-2023,605.3582283548233,2722
93220,14,3.113525053992478,2023-03-13,Mar-13-2023,2.3351437904943584,10
93224,0,0,2023-03-13,Mar-13-2023,11.34212698240117,51
93241,10,2.2239464671374845,2023-03-13,Mar-13-2023,7.227826018196823,32
93243,51,11.34212698240117,2023-03-13,Mar-13-2023,33.47039433041914,150
93249,3563,792.3921262410856,2023-03-13,Mar-13-2023,238.40706127713833,1072
93250,409,90.9594105059231,2023-03-13,Mar-13-2023,130.9904469143978,589
93251,63,14.01086274296615,2023-03-13,Mar-13-2023,30.57926392314041,138
93263,2448,544.4220951552561,2023-03-13,Mar-13-2023,791.9473369476582,3561
93276,0,0,2023-03-13,Mar-13-2023,5.782260814557459,26
93280,6589,1465.3583271968885,2023-03-13,Mar-13-2023,3727.6678708924937,16762
93287,15,3.3359197007062265,2023-03-13,Mar-13-2023,0.5559866167843711,2
93301,172,38.25187923476473,2023-03-13,Mar-13-2023,63.71606628348893,286
93304,38,8.45099657512244,2023-03-13,Mar-13-2023,16.234809210103634,73
93305,61,13.566073449538656,2023-03-13,Mar-13-2023,39.47504979169035,178
93306,710,157.90019916676138,2023-03-13,Mar-13-2023,209.05096791092353,940
93308,1246,277.10372980533054,2023-03-13,Mar-13-2023,565.4383892697053,2542
93309,407,90.5146212124956,2023-03-13,Mar-13-2023,130.99044691439784,589
93312,137,30.468066599783533,2023-03-13,Mar-13-2023,44.03414004932219,198
93314,9369,2083.615445061109,2023-03-13,Mar-13-2023,2566.990209693441,11542
93518,1,0.2223946467137484,2023-03-13,Mar-13-2023,4.3366956109180945,20
93531,0,0,2023-03-13,Mar-13-2023,0,0
93561,0,0,2023-03-13,Mar-13-2023,3.224722377349352,14
93252,147,32.69201306692102,2023-04-06,Apr-06-2023,32.69201306692102,147
93268,35,7.783812634981195,2023-04-06,Apr-06-2023,7.783812634981195,35
93307,2851,634.0471377808967,2023-04-06,Apr-06-2023,634.0471377808967,2851
93311,5972,1328.1408301745057,2023-04-06,Apr-06-2023,1328.1408301745057,5972
93313,2311,513.9540285554726,2023-04-06,Apr-06-2023,513.9540285554726,2311
93461,2,0.4447892934274969,2023-04-06,Apr-06-2023,0.4447892934274969,2
93203,5454,1212.940403176784,2023-04-06,Apr-06-2023,1212.940403176784,5454
93206,10329,2297.114305906307,2023-04-06,Apr-06-2023,2297.114305906307,10329
93215,2705,601.5775193606895,2023-04-06,Apr-06-2023,601.5775193606895,2705
93220,6,1.3343678802824903,2023-04-06,Apr-06-2023,1.3343678802824903,6
93224,13,2.8911304072787294,2023-04-06,Apr-06-2023,2.8911304072787294,13
93241,57,12.67649486268366,2023-04-06,Apr-06-2023,12.67649486268366,57
93243,61,13.566073449538656,2023-04-06,Apr-06-2023,13.566073449538656,61
93249,944,209.9405464977785,2023-04-06,Apr-06-2023,209.9405464977785,944
93250,588,130.76805226768408,2023-04-06,Apr-06-2023,130.76805226768408,588
93251,84,18.681150323954867,2023-04-06,Apr-06-2023,18.681150323954867,84
93263,4513,1003.6670406191466,2023-04-06,Apr-06-2023,1003.6670406191466,4513
93276,21,4.670287580988717,2023-04-06,Apr-06-2023,4.670287580988717,21
93280,24890,5535.402756705198,2023-04-06,Apr-06-2023,5535.402756705198,24890
93287,2,0.4447892934274969,2023-04-06,Apr-06-2023,0.4447892934274969,2
93301,335,74.50220664910573,2023-04-06,Apr-06-2023,74.50220664910573,335
93304,42,9.340575161977434,2023-04-06,Apr-06-2023,9.340575161977434,42
93305,31,6.894234048126202,2023-04-06,Apr-06-2023,6.894234048126202,31
93306,750,166.79598503531133,2023-04-06,Apr-06-2023,166.79598503531133,750
93308,2784,619.1466964510756,2023-04-06,Apr-06-2023,619.1466964510756,2784
93309,720,160.12414563389888,2023-04-06,Apr-06-2023,160.12414563389888,720
93312,170,37.80708994133723,2023-04-06,Apr-06-2023,37.80708994133723,170
93314,20820,4630.256544580242,2023-04-06,Apr-06-2023,4630.256544580242,20820
93518,1,0.2223946467137484,2023-04-06,Apr-06-2023,0.2223946467137484,1
93531,0,0,2023-04-06,Apr-06-2023,0,0
93561,0,0,2023-04-06,Apr-06-2023,0,0
93252,126,28.0217254859323,2023-04-14,Apr-14-2023,28.0217254859323,126
93268,17,3.780708994133723,2023-04-14,Apr-14-2023,3.780708994133723,17
93307,2602,578.6708707491734,2023-04-14,Apr-14-2023,578.6708707491734,2602
93311,6419,1427.551237255551,2023-04-14,Apr-14-2023,1427.551237255551,6419
93313,2115,470.3646777995779,2023-04-14,Apr-14-2023,470.3646777995779,2115
93461,1,0.2223946467137484,2023-04-14,Apr-14-2023,0.2223946467137484,1
93203,5221,1161.1224504924803,2023-04-14,Apr-14-2023,1161.1224504924803,5221
93206,9529,2119.1985885353088,2023-04-14,Apr-14-2023,2119.1985885353088,9529
93215,2473,549.9819613230999,2023-04-14,Apr-14-2023,549.9819613230999,2473
93220,5,1.1119732335687422,2023-04-14,Apr-14-2023,1.1119732335687422,5
93224,7,1.556762526996239,2023-04-14,Apr-14-2023,1.556762526996239,7
93241,125,27.799330839218555,2023-04-14,Apr-14-2023,27.799330839218555,125
93243,62,13.788468096252403,2023-04-14,Apr-14-2023,13.788468096252403,62
93249,1113,247.525241792402,2023-04-14,Apr-14-2023,247.525241792402,1113
93250,521,115.86761093786292,2023-04-14,Apr-14-2023,115.86761093786292,521
93251,75,16.679598503531132,2023-04-14,Apr-14-2023,16.679598503531132,75
93263,4295,955.1850076355496,2023-04-14,Apr-14-2023,955.1850076355496,4295
93276,22,4.8926822277024655,2023-04-14,Apr-14-2023,4.8926822277024655,22
93280,17623,3919.260859036389,2023-04-14,Apr-14-2023,3919.260859036389,17623
93287,1,0.2223946467137484,2023-04-14,Apr-14-2023,0.2223946467137484,1
93301,303,67.38557795426577,2023-04-14,Apr-14-2023,67.38557795426577,303
93304,16,3.5583143474199748,2023-04-14,Apr-14-2023,3.5583143474199748,16
93305,16,3.5583143474199748,2023-04-14,Apr-14-2023,3.5583143474199748,16
93306,663,147.44765077121522,2023-04-14,Apr-14-2023,147.44765077121522,663
93308,2352,523.0722090707363,2023-04-14,Apr-14-2023,523.0722090707363,2352
93309,677,150.5611758252077,2023-04-14,Apr-14-2023,150.5611758252077,677
93312,126,28.0217254859323,2023-04-14,Apr-14-2023,28.0217254859323,126
93314,22241,4946.279337560479,2023-04-14,Apr-14-2023,4946.279337560479,22241
93518,1,0.2223946467137484,2023-04-14,Apr-14-2023,0.2223946467137484,1
93531,0,0,2023-04-14,Apr-14-2023,0,0
93561,0,0,2023-04-14,Apr-14-2023,0,0
93252,150,33.359197007062264,2023-04-22,Apr-22-2023,28.800106749430423,130
93268,18,4.003103640847471,2023-04-22,Apr-22-2023,3.4471170240631004,16
93307,2535,563.7704294193522,2023-04-22,Apr-22-2023,571.6654393776903,2570
93311,6405,1424.4377122015587,2023-04-22,Apr-22-2023,1450.9026751604947,6524
93313,2156,479.4828583148416,2023-04-22,Apr-22-2023,471.4766510331467,2120
93461,0,0,2023-04-22,Apr-22-2023,0.2223946467137484,1
93203,5128,1140.439748348102,2023-04-22,Apr-22-2023,1119.3122569102957,5033
93206,8101,1801.619033028076,2023-04-22,Apr-22-2023,2207.489263280667,9926
93215,490,108.97337688973673,2023-04-22,Apr-22-2023,529.0768645320076,2379
93220,2,0.4447892934274969,2023-04-22,Apr-22-2023,1.2231705569256164,6
93224,2,0.4447892934274969,2023-04-22,Apr-22-2023,1.1119732335687422,5
93241,168,37.362300647909734,2023-04-22,Apr-22-2023,27.465738869147934,124
93243,49,10.897337688973671,2023-04-22,Apr-22-2023,9.896561778761805,44
93249,175,38.91906317490597,2023-04-22,Apr-22-2023,212.38688761162973,955
93250,82,18.23636103052737,2023-04-22,Apr-22-2023,116.09000558457669,522
93251,32,7.1166286948399495,2023-04-22,Apr-22-2023,16.457203856817383,74
93263,3209,713.6644213044187,2023-04-22,Apr-22-2023,917.8227069876398,4127
93276,10,2.2239464671374845,2023-04-22,Apr-22-2023,4.8926822277024655,22
93280,5277,1173.5765507084504,2023-04-22,Apr-22-2023,3474.137973638821,15622
93287,0,0,2023-04-22,Apr-22-2023,0.555986616784371,2
93301,80,17.791571737099876,2023-04-22,Apr-22-2023,81.17404605051817,365
93304,4,0.8895785868549937,2023-04-22,Apr-22-2023,3.4471170240631004,16
93305,0,0,2023-04-22,Apr-22-2023,8.45099657512244,38
93306,467,103.85830001532052,2023-04-22,Apr-22-2023,100.41118299125742,452
93308,820,182.3636103052737,2023-04-22,Apr-22-2023,494.71689161473336,2224
93309,606,134.77115590853154,2023-04-22,Apr-22-2023,155.00906875948266,697
93312,31,6.894234048126202,2023-04-22,Apr-22-2023,29.133698719501044,131
93314,19776,4398.076533411089,2023-04-22,Apr-22-2023,5414.531266216276,24346
93518,1,0.2223946467137484,2023-04-22,Apr-22-2023,0.2223946467137484,1
93531,0,0,2023-04-22,Apr-22-2023,0,0
93561,0,0,2023-04-22,Apr-22-2023,0,0
93252,133,29.578488012928545,2023-04-30,Apr-30-2023,29.578488012928545,133
93268,14,3.113525053992478,2023-04-30,Apr-30-2023,3.113525053992478,14
93307,2539,564.6600080062072,2023-04-30,Apr-30-2023,564.6600080062072,2539
93311,6629,1474.2541130654383,2023-04-30,Apr-30-2023,1474.2541130654383,6629
93313,2125,472.58862426671544,2023-04-30,Apr-30-2023,472.58862426671544,2125
93461,1,0.2223946467137484,2023-04-30,Apr-30-2023,0.2223946467137484,1
93203,4845,1077.502063328111,2023-04-30,Apr-30-2023,1077.502063328111,4845
93206,10323,2295.779938026025,2023-04-30,Apr-30-2023,2295.779938026025,10323
93215,2285,508.1717677409152,2023-04-30,Apr-30-2023,508.1717677409152,2285
93220,6,1.3343678802824903,2023-04-30,Apr-30-2023,1.3343678802824903,6
93224,3,0.6671839401412453,2023-04-30,Apr-30-2023,0.6671839401412453,3
93241,122,27.13214689907731,2023-04-30,Apr-30-2023,27.13214689907731,122
93243,27,6.0046554612712075,2023-04-30,Apr-30-2023,6.0046554612712075,27
93249,797,177.2485334308575,2023-04-30,Apr-30-2023,177.2485334308575,797
93250,523,116.31240023129044,2023-04-30,Apr-30-2023,116.31240023129044,523
93251,73,16.234809210103634,2023-04-30,Apr-30-2023,16.234809210103634,73
93263,3959,880.4604063397301,2023-04-30,Apr-30-2023,880.4604063397301,3959
93276,22,4.8926822277024655,2023-04-30,Apr-30-2023,4.8926822277024655,22
93280,13620,3029.0150882412536,2023-04-30,Apr-30-2023,3029.0150882412536,13620
93287,4,0.8895785868549937,2023-04-30,Apr-30-2023,0.8895785868549937,4
93301,427,94.96251414677056,2023-04-30,Apr-30-2023,94.96251414677056,427
93304,15,3.3359197007062265,2023-04-30,Apr-30-2023,3.3359197007062265,15
93305,60,13.343678802824906,2023-04-30,Apr-30-2023,13.343678802824906,60
93306,240,53.37471521129962,2023-04-30,Apr-30-2023,53.37471521129962,240
93308,2097,466.3615741587304,2023-04-30,Apr-30-2023,466.3615741587304,2097
93309,717,159.45696169375762,2023-04-30,Apr-30-2023,159.45696169375762,717
93312,136,30.245671953069788,2023-04-30,Apr-30-2023,30.245671953069788,136
93314,26452,5882.783194872073,2023-04-30,Apr-30-2023,5882.783194872073,26452
93518,1,0.2223946467137484,2023-04-30,Apr-30-2023,0.2223946467137484,1
93531,NA,NA,2023-04-30,Apr-30-2023,0,0
93561,0,0,2023-04-30,Apr-30-2023,0,0
93252,102,22.68425396480234,2023-05-08,May-08-2023,25.79777901879482,116
93268,15,3.3359197007062265,2023-05-08,May-08-2023,2.9652619561833125,13
93307,3845,855.1074166143627,2023-05-08,May-08-2023,527.742496651725,2373
93311,7204,1602.1310349258438,2023-05-08,May-08-2023,1523.180935342463,6849
93313,2124,472.36622962000166,2023-05-08,May-08-2023,437.15374389032485,1966
93461,256,56.9330295587196,2023-05-08,May-08-2023,0.1482630978091656,1
93203,12615,2805.5084682939364,2023-05-08,May-08-2023,1021.6810070029602,4594
93206,10462,2326.692793919236,2023-05-08,May-08-2023,2332.178528538175,10487
93215,2389,531.300810999145,2023-05-08,May-08-2023,507.35632070296475,2281
93220,666,148.11483471135645,2023-05-08,May-08-2023,1.2602363313779077,6
93224,12,2.668735760564981,2023-05-08,May-08-2023,0.5189208423320797,2
93241,157,34.9159595340585,2023-05-08,May-08-2023,31.802434480066026,143
93243,667,148.3372293580702,2023-05-08,May-08-2023,5.930523912366625,27
93249,1208,268.6527332302081,2023-05-08,May-08-2023,160.93959267184928,724
93250,510,113.4212698240117,2023-05-08,May-08-2023,114.31084841086671,514
93251,84,18.681150323954867,2023-05-08,May-08-2023,15.271099074344058,69
93263,3886,864.2255971296264,2023-05-08,May-08-2023,864.670386423054,3888
93276,16,3.5583143474199748,2023-05-08,May-08-2023,4.447892934274969,20
93280,11662,2593.5663699757342,2023-05-08,May-08-2023,2535.4472356345414,11401
93287,6,1.3343678802824903,2023-05-08,May-08-2023,0.8895785868549937,4
93301,286,63.60486896013205,2023-05-08,May-08-2023,83.54625561546482,376
93304,6,1.3343678802824903,2023-05-08,May-08-2023,2.37220956494665,11
93305,12,2.668735760564981,2023-05-08,May-08-2023,9.933627553214096,45
93306,1394,310.0181375189653,2023-05-08,May-08-2023,75.83657452938822,341
93308,2010,447.0132398946343,2023-05-08,May-08-2023,432.9282456027636,1947
93309,695,154.56427946605515,2023-05-08,May-08-2023,154.71254256386433,696
93312,107,23.79622719837108,2023-05-08,May-08-2023,28.021725485932304,126
93314,27029,6011.1049060259065,2023-05-08,May-08-2023,5922.443573536025,26630
93518,129,28.688909426073547,2023-05-08,May-08-2023,0.2223946467137484,1
93531,0,0,2023-05-08,May-08-2023,0,0
93561,49,10.897337688973671,2023-05-08,May-08-2023,0,0
93252,49,10.897337688973671,2023-05-16,May-16-2023,22.017070024661095,99
93268,43,9.562969808691182,2023-05-16,May-16-2023,2.8169988583741468,13
93307,2858,635.603900307893,2023-05-16,May-16-2023,490.8249852972428,2207
93311,1312,291.7817764884379,2023-05-16,May-16-2023,1572.1077576194875,7069
93313,1817,404.0910730788809,2023-05-16,May-16-2023,401.71886351393425,1806
93461,1,0.2223946467137484,2023-05-16,May-16-2023,0.07413154890458282,0
93203,4771,1061.0448594712936,2023-05-16,May-16-2023,965.8599506778093,4343
93206,7542,1677.3004255150906,2023-05-16,May-16-2023,2368.577119050325,10650
93215,2532,563.1032454792111,2023-05-16,May-16-2023,506.5408736650144,2278
93220,3,0.6671839401412453,2023-05-16,May-16-2023,1.1861047824733248,5
93224,2,0.4447892934274969,2023-05-16,May-16-2023,0.37065774452291406,2
93241,161,35.805538120913496,2023-05-16,May-16-2023,36.47272206105474,164
93243,37,8.228601928408692,2023-05-16,May-16-2023,5.856392363462041,26
93249,2073,461.0241026376005,2023-05-16,May-16-2023,144.63065191284107,650
93250,529,117.64676811157292,2023-05-16,May-16-2023,112.30929659044297,505
93251,3320,738.3502270896448,2023-05-16,May-16-2023,14.307388938584483,64
93263,3434,763.7032168150121,2023-05-16,May-16-2023,848.8803665063778,3817
93276,2,0.4447892934274969,2023-05-16,May-16-2023,4.003103640847471,18
93280,10234,2275.9868144685015,2023-05-16,May-16-2023,2041.879383027829,9181
93287,6,1.3343678802824903,2023-05-16,May-16-2023,0.8895785868549937,4
93301,274,60.93613319956707,2023-05-16,May-16-2023,72.12999708415907,324
93304,2177,484.15314589583033,2023-05-16,May-16-2023,1.4084994291870736,6
93305,225,50.038795510593395,2023-05-16,May-16-2023,6.523576303603287,29
93306,2616,581.7843958031659,2023-05-16,May-16-2023,98.29843384747682,442
93308,1587,352.94030433471875,2023-05-16,May-16-2023,399.4949170467968,1796
93309,646,143.6669417770815,2023-05-16,May-16-2023,149.96812343397102,674
93312,10,2.2239464671374845,2023-05-16,May-16-2023,25.79777901879482,116
93314,4590,1020.7914284161052,2023-05-16,May-16-2023,5962.103952199977,26809
93518,1,0.2223946467137484,2023-05-16,May-16-2023,0.2223946467137484,1
93531,0,0,2023-05-16,May-16-2023,0,0
93561,0,0,2023-05-16,May-16-2023,0,0
93252,82,18.23636103052737,2023-05-24,May-24-2023,18.23636103052737,82
93268,12,2.668735760564981,2023-05-24,May-24-2023,2.668735760564981,12
93307,2041,453.90747394276053,2023-05-24,May-24-2023,453.90747394276053,2041
93311,7289,1621.0345798965122,2023-05-24,May-24-2023,1621.0345798965122,7289
93313,1647,366.28398313754366,2023-05-24,May-24-2023,366.28398313754366,1647
93461,0,0,2023-05-24,May-24-2023,0,0
93203,4092,910.0388943526584,2023-05-24,May-24-2023,910.0388943526584,4092
93206,10814,2404.9757095624755,2023-05-24,May-24-2023,2404.9757095624755,10814
93215,2274,505.72542662706394,2023-05-24,May-24-2023,505.72542662706394,2274
93220,5,1.1119732335687422,2023-05-24,May-24-2023,1.1119732335687422,5
93224,1,0.2223946467137484,2023-05-24,May-24-2023,0.2223946467137484,1
93241,185,41.14300964204346,2023-05-24,May-24-2023,41.14300964204346,185
93243,26,5.782260814557459,2023-05-24,May-24-2023,5.782260814557459,26
93249,577,128.32171115383284,2023-05-24,May-24-2023,128.32171115383284,577
93250,496,110.30774477001924,2023-05-24,May-24-2023,110.30774477001924,496
93251,60,13.343678802824906,2023-05-24,May-24-2023,13.343678802824906,60
93263,3746,833.0903465897017,2023-05-24,May-24-2023,833.0903465897017,3746
93276,16,3.5583143474199748,2023-05-24,May-24-2023,3.5583143474199748,16
93280,6962,1548.3115304211165,2023-05-24,May-24-2023,1548.3115304211165,6962
93287,4,0.8895785868549937,2023-05-24,May-24-2023,0.8895785868549937,4
93301,273,60.71373855285332,2023-05-24,May-24-2023,60.71373855285332,273
93304,2,0.4447892934274969,2023-05-24,May-24-2023,0.4447892934274969,2
93305,14,3.113525053992478,2023-05-24,May-24-2023,3.113525053992478,14
93306,543,120.7602931655654,2023-05-24,May-24-2023,120.7602931655654,543
93308,1646,366.06158849082993,2023-05-24,May-24-2023,366.06158849082993,1646
93309,653,145.22370430407773,2023-05-24,May-24-2023,145.22370430407773,653
93312,106,23.573832551657333,2023-05-24,May-24-2023,23.573832551657333,106
93314,26987,6001.764330863929,2023-05-24,May-24-2023,6001.764330863929,26987
93518,1,0.2223946467137484,2023-05-24,May-24-2023,0.2223946467137484,1
93531,0,0,2023-05-24,May-24-2023,0,0
93561,0,0,2023-05-24,May-24-2023,0,0
93252,98,21.794675377947343,2023-06-01,Jun-01-2023,21.794675377947343,98
93268,12,2.668735760564981,2023-06-01,Jun-01-2023,2.668735760564981,12
93307,2223,494.3832996446628,2023-06-01,Jun-01-2023,494.3832996446628,2223
93311,6670,1483.372293580702,2023-06-01,Jun-01-2023,1483.372293580702,6670
93313,1407,312.909267926244,2023-06-01,Jun-01-2023,312.909267926244,1407
93461,0,0,2023-06-01,Jun-01-2023,0,0
93203,3791,843.0981056918203,2023-06-01,Jun-01-2023,843.0981056918203,3791
93206,10582,2353.380151524886,2023-06-01,Jun-01-2023,2353.380151524886,10582
93215,2202,489.71301206367406,2023-06-01,Jun-01-2023,489.71301206367406,2202
93220,5,1.1119732335687422,2023-06-01,Jun-01-2023,1.1119732335687422,5
93224,3,0.6671839401412453,2023-06-01,Jun-01-2023,0.6671839401412453,3
93241,154,34.24877559391726,2023-06-01,Jun-01-2023,34.24877559391726,154
93243,29,6.449444754698704,2023-06-01,Jun-01-2023,6.449444754698704,29
93249,690,153.45230623248642,2023-06-01,Jun-01-2023,153.45230623248642,690
93250,603,134.1039719683903,2023-06-01,Jun-01-2023,134.1039719683903,603
93251,62,13.788468096252403,2023-06-01,Jun-01-2023,13.788468096252403,62
93263,3342,743.2429093173472,2023-06-01,Jun-01-2023,743.2429093173472,3342
93276,14,3.113525053992478,2023-06-01,Jun-01-2023,3.113525053992478,14
93280,6017,1338.1485892766243,2023-06-01,Jun-01-2023,1338.1485892766243,6017
93287,5,1.1119732335687422,2023-06-01,Jun-01-2023,1.1119732335687422,5
93301,269,59.82415996599833,2023-06-01,Jun-01-2023,59.82415996599833,269
93304,3,0.6671839401412453,2023-06-01,Jun-01-2023,0.6671839401412453,3
93305,9,2.0015518204237357,2023-06-01,Jun-01-2023,2.0015518204237357,9
93306,571,126.98734327355037,2023-06-01,Jun-01-2023,126.98734327355037,571
93308,1620,360.27932767627243,2023-06-01,Jun-01-2023,360.27932767627243,1620
93309,660,146.78046683107397,2023-06-01,Jun-01-2023,146.78046683107397,660
93312,94,20.90509679109235,2023-06-01,Jun-01-2023,20.90509679109235,94
93314,25625,5698.862822039803,2023-06-01,Jun-01-2023,5698.862822039803,25625
93518,1,0.2223946467137484,2023-06-01,Jun-01-2023,0.2223946467137484,1
93531,0,0,2023-06-01,Jun-01-2023,0,0
93561,0,0,2023-06-01,Jun-01-2023,0,0
93252,17,3.780708994133723,2023-06-09,Jun-09-2023,25.686581695437944,116
93268,16,3.5583143474199748,2023-06-09,Jun-09-2023,4.003103640847471,18
93307,2099,466.80636345215794,2023-06-09,Jun-09-2023,528.2984832685095,2376
93311,3987,886.687456447715,2023-06-09,Jun-09-2023,1644.6084124481695,7395
93313,947,210.60773043791977,2023-06-09,Jun-09-2023,344.4893077595963,1549
93461,0,0,2023-06-09,Jun-09-2023,0.1111973233568742,0
93203,3070,682.7515654112077,2023-06-09,Jun-09-2023,903.2558576278892,4062
93206,3978,884.6859046272913,2023-06-09,Jun-09-2023,2252.3017845934874,10128
93215,1933,429.88885209767574,2023-06-09,Jun-09-2023,504.3910587467815,2268
93220,4,0.8895785868549937,2023-06-09,Jun-09-2023,1.1119732335687422,5
93224,5,1.1119732335687422,2023-06-09,Jun-09-2023,1.2231705569256164,6
93241,148,32.914407713634766,2023-06-09,Jun-09-2023,35.805538120913496,161
93243,1,0.2223946467137484,2023-06-09,Jun-09-2023,8.117404605051819,36
93249,3,0.6671839401412453,2023-06-09,Jun-09-2023,164.68323589153073,740
93250,905,201.26715527594232,2023-06-09,Jun-09-2023,164.68323589153073,740
93251,1,0.2223946467137484,2023-06-09,Jun-09-2023,14.233257389679899,64
93263,2962,658.7329435661228,2023-06-09,Jun-09-2023,777.936474204692,3498
93276,0,0,2023-06-09,Jun-09-2023,4.003103640847472,18
93280,1925,428.1096949239657,2023-06-09,Jun-09-2023,1332.5887231087806,5992
93287,370,82.28601928408692,2023-06-09,Jun-09-2023,0.6671839401412453,3
93301,250,55.59866167843711,2023-06-09,Jun-09-2023,59.26817334921395,266
93304,0,0,2023-06-09,Jun-09-2023,2.11274914378061,10
93305,1,0.2223946467137484,2023-06-09,Jun-09-2023,3.5583143474199748,16
93306,674,149.89399188506644,2023-06-09,Jun-09-2023,127.54332989033472,574
93308,1656,368.2855349579674,2023-06-09,Jun-09-2023,375.73575562287795,1690
93309,470,104.52548395546177,2023-06-09,Jun-09-2023,149.56039991499583,672
93312,32,7.1166286948399495,2023-06-09,Jun-09-2023,21.90587270130422,98
93314,13125,2918.929738117948,2023-06-09,Jun-09-2023,5862.878873991192,26362
93518,0,0,2023-06-09,Jun-09-2023,0.2223946467137484,1
93531,NA,NA,2023-06-09,Jun-09-2023,0,0
93561,0,0,2023-06-09,Jun-09-2023,0,0
93252,133,29.578488012928545,2023-06-17,Jun-17-2023,29.578488012928545,133
93268,24,5.337471521129962,2023-06-17,Jun-17-2023,5.337471521129962,24
93307,2528,562.2136668923561,2023-06-17,Jun-17-2023,562.2136668923561,2528
93311,8120,1805.8445313156371,2023-06-17,Jun-17-2023,1805.8445313156371,8120
93313,1691,376.0693475929486,2023-06-17,Jun-17-2023,376.0693475929486,1691
93461,1,0.2223946467137484,2023-06-17,Jun-17-2023,0.2223946467137484,1
93203,4332,963.4136095639582,2023-06-17,Jun-17-2023,963.4136095639582,4332
93206,9673,2151.2234176620887,2023-06-17,Jun-17-2023,2151.2234176620887,9673
93215,2334,519.0691054298889,2023-06-17,Jun-17-2023,519.0691054298889,2334
93220,5,1.1119732335687422,2023-06-17,Jun-17-2023,1.1119732335687422,5
93224,8,1.7791571737099874,2023-06-17,Jun-17-2023,1.7791571737099874,8
93241,168,37.362300647909734,2023-06-17,Jun-17-2023,37.362300647909734,168
93243,44,9.785364455404933,2023-06-17,Jun-17-2023,9.785364455404933,44
93249,791,175.914165550575,2023-06-17,Jun-17-2023,175.914165550575,791
93250,878,195.26249981467112,2023-06-17,Jun-17-2023,195.26249981467112,878
93251,66,14.678046683107397,2023-06-17,Jun-17-2023,14.678046683107397,66
93263,3654,812.6300390920368,2023-06-17,Jun-17-2023,812.6300390920368,3654
93276,22,4.8926822277024655,2023-06-17,Jun-17-2023,4.8926822277024655,22
93280,5967,1327.028856940937,2023-06-17,Jun-17-2023,1327.028856940937,5967
93287,1,0.2223946467137484,2023-06-17,Jun-17-2023,0.2223946467137484,1
93301,264,58.712186732429586,2023-06-17,Jun-17-2023,58.712186732429586,264
93304,16,3.5583143474199748,2023-06-17,Jun-17-2023,3.5583143474199748,16
93305,23,5.115076874416214,2023-06-17,Jun-17-2023,5.115076874416214,23
93306,576,128.09931650711908,2023-06-17,Jun-17-2023,128.09931650711908,576
93308,1759,391.19218356948346,2023-06-17,Jun-17-2023,391.19218356948346,1759
93309,685,152.3403329989177,2023-06-17,Jun-17-2023,152.3403329989177,685
93312,103,22.90664861151609,2023-06-17,Jun-17-2023,22.90664861151609,103
93314,27100,6026.894925942583,2023-06-17,Jun-17-2023,6026.894925942583,27100
93518,1,0.2223946467137484,2023-06-17,Jun-17-2023,0.2223946467137484,1
93531,0,0,2023-06-17,Jun-17-2023,0,0
93561,0,0,2023-06-17,Jun-17-2023,0,0
93252,89,19.79312355752361,2023-06-25,Jun-25-2023,19.79312355752361,89
93268,25,5.559866167843711,2023-06-25,Jun-25-2023,5.559866167843711,25
93307,2528,562.2136668923561,2023-06-25,Jun-25-2023,562.2136668923561,2528
93311,7596,1689.309736437633,2023-06-25,Jun-25-2023,1689.309736437633,7596
93313,1288,286.44430496730797,2023-06-25,Jun-25-2023,286.44430496730797,1288
93461,0,0,2023-06-25,Jun-25-2023,0,0
93203,3009,669.1854919616691,2023-06-25,Jun-25-2023,669.1854919616691,3009
93206,9307,2069.826976964857,2023-06-25,Jun-25-2023,2069.826976964857,9307
93215,2161,480.5948315484103,2023-06-25,Jun-25-2023,480.5948315484103,2161
93220,5,1.1119732335687422,2023-06-25,Jun-25-2023,1.1119732335687422,5
93224,4,0.8895785868549937,2023-06-25,Jun-25-2023,0.8895785868549937,4
93241,163,36.250327414340994,2023-06-25,Jun-25-2023,36.250327414340994,163
93243,34,7.561417988267447,2023-06-25,Jun-25-2023,7.561417988267447,34
93249,791,175.914165550575,2023-06-25,Jun-25-2023,175.914165550575,791
93250,515,114.53324305758044,2023-06-25,Jun-25-2023,114.53324305758044,515
93251,65,14.455652036393648,2023-06-25,Jun-25-2023,14.455652036393648,65
93263,3209,713.6644213044187,2023-06-25,Jun-25-2023,713.6644213044187,3209
93276,17,3.780708994133723,2023-06-25,Jun-25-2023,3.780708994133723,17
93280,5888,1309.4596798505509,2023-06-25,Jun-25-2023,1309.4596798505509,5888
93287,3,0.6671839401412453,2023-06-25,Jun-25-2023,0.6671839401412453,3
93301,248,55.15387238500961,2023-06-25,Jun-25-2023,55.15387238500961,248
93304,11,2.4463411138512328,2023-06-25,Jun-25-2023,2.4463411138512328,11
93305,19,4.22549828756122,2023-06-25,Jun-25-2023,4.22549828756122,19
93306,580,128.9888950939741,2023-06-25,Jun-25-2023,128.9888950939741,580
93308,1583,352.05072574786374,2023-06-25,Jun-25-2023,352.05072574786374,1583
93309,623,138.55186490266527,2023-06-25,Jun-25-2023,138.55186490266527,623
93312,99,22.017070024661095,2023-06-25,Jun-25-2023,22.017070024661095,99
93314,27362,6085.162323381584,2023-06-25,Jun-25-2023,6085.162323381584,27362
93518,0,0,2023-06-25,Jun-25-2023,0,0
93531,0,0,2023-06-25,Jun-25-2023,0,0
93561,0,0,2023-06-25,Jun-25-2023,0,0
93252,127,28.24412013264605,2023-07-03,Jul-03-2023,24.129819168441706,108
93268,25,5.559866167843711,2023-07-03,Jul-03-2023,5.337471521129963,24
93307,1693,376.5141368863761,2023-07-03,Jul-03-2023,567.3287437667723,2551
93311,6977,1551.6474501218229,2023-07-03,Jul-03-2023,1660.6208270115594,7467
93313,1201,267.0959707032119,2023-07-03,Jul-03-2023,313.68764918974216,1410
93461,1,0.2223946467137484,2023-07-03,Jul-03-2023,0.1111973233568742,0
93203,2985,663.848020440539,2023-07-03,Jul-03-2023,846.1004334224559,3804
93206,1255,279.1052816257543,2023-07-03,Jul-03-2023,2040.3596862752852,9174
93215,2276,506.17021592049144,2023-07-03,Jul-03-2023,493.0489317643802,2217
93220,6,1.3343678802824903,2023-07-03,Jul-03-2023,1.4455652036393647,6
93224,4,0.8895785868549937,2023-07-03,Jul-03-2023,0.6671839401412453,3
93241,136,30.245671953069788,2023-07-03,Jul-03-2023,33.91518362384664,152
93243,37,8.228601928408692,2023-07-03,Jul-03-2023,8.45099657512244,38
93249,833,185.25474071255243,2023-07-03,Jul-03-2023,181.80762368848934,818
93250,478,106.30464112917176,2023-07-03,Jul-03-2023,112.64288856051357,506
93251,61,13.566073449538656,2023-07-03,Jul-03-2023,14.789244006464271,66
93263,2128,473.2558082068566,2023-07-03,Jul-03-2023,657.8433649792678,2958
93276,0,0,2023-07-03,Jul-03-2023,4.3366956109180945,20
93280,7523,1673.0749272275295,2023-07-03,Jul-03-2023,1370.6182076968316,6163
93287,5,1.1119732335687422,2023-07-03,Jul-03-2023,1.1119732335687422,5
93301,254,56.4882402652921,2023-07-03,Jul-03-2023,54.37549112151149,244
93304,23,5.115076874416214,2023-07-03,Jul-03-2023,5.00387955105934,22
93305,21,4.670287580988717,2023-07-03,Jul-03-2023,4.559090257631842,20
93306,498,110.75253406344672,2023-07-03,Jul-03-2023,134.77115590853154,606
93308,1582,351.82833110115,2023-07-03,Jul-03-2023,374.1789930958817,1682
93309,600,133.43678802824903,2023-07-03,Jul-03-2023,141.10940333987338,634
93312,89,19.79312355752361,2023-07-03,Jul-03-2023,24.685805785226073,111
93314,22228,4943.3882071532,2023-07-03,Jul-03-2023,6071.81864457876,27302
93518,0,0,2023-07-03,Jul-03-2023,0,0
93531,0,0,2023-07-03,Jul-03-2023,0,0
93561,0,0,2023-07-03,Jul-03-2023,0,0
93252,128,28.4665147793598,2023-07-11,Jul-11-2023,28.4665147793598,128
93268,23,5.115076874416214,2023-07-11,Jul-11-2023,5.115076874416214,23
93307,2574,572.4438206411885,2023-07-11,Jul-11-2023,572.4438206411885,2574
93311,7338,1631.931917585486,2023-07-11,Jul-11-2023,1631.931917585486,7338
93313,1533,340.93099341217635,2023-07-11,Jul-11-2023,340.93099341217635,1533
93461,1,0.2223946467137484,2023-07-11,Jul-11-2023,0.2223946467137484,1
93203,4600,1023.0153748832428,2023-07-11,Jul-11-2023,1023.0153748832428,4600
93206,9042,2010.8923955857133,2023-07-11,Jul-11-2023,2010.8923955857133,9042
93215,2273,505.50303198035016,2023-07-11,Jul-11-2023,505.50303198035016,2273
93220,8,1.7791571737099874,2023-07-11,Jul-11-2023,1.7791571737099874,8
93224,2,0.4447892934274969,2023-07-11,Jul-11-2023,0.4447892934274969,2
93241,142,31.580039833352277,2023-07-11,Jul-11-2023,31.580039833352277,142
93243,42,9.340575161977434,2023-07-11,Jul-11-2023,9.340575161977434,42
93249,844,187.70108182640368,2023-07-11,Jul-11-2023,187.70108182640368,844
93250,498,110.75253406344672,2023-07-11,Jul-11-2023,110.75253406344672,498
93251,68,15.122835976534894,2023-07-11,Jul-11-2023,15.122835976534894,68
93263,2707,602.022308654117,2023-07-11,Jul-11-2023,602.022308654117,2707
93276,22,4.8926822277024655,2023-07-11,Jul-11-2023,4.8926822277024655,22
93280,6438,1431.7767355431124,2023-07-11,Jul-11-2023,1431.7767355431124,6438
93287,7,1.556762526996239,2023-07-11,Jul-11-2023,1.556762526996239,7
93301,241,53.59710985801337,2023-07-11,Jul-11-2023,53.59710985801337,241
93304,34,7.561417988267447,2023-07-11,Jul-11-2023,7.561417988267447,34
93305,22,4.8926822277024655,2023-07-11,Jul-11-2023,4.8926822277024655,22
93306,632,140.553416723089,2023-07-11,Jul-11-2023,140.553416723089,632
93308,1782,396.3072604438997,2023-07-11,Jul-11-2023,396.3072604438997,1782
93309,646,143.6669417770815,2023-07-11,Jul-11-2023,143.6669417770815,646
93312,123,27.354541545791054,2023-07-11,Jul-11-2023,27.354541545791054,123
93314,27242,6058.474965775935,2023-07-11,Jul-11-2023,6058.474965775935,27242
93518,0,0,2023-07-11,Jul-11-2023,0,0
93531,0,0,2023-07-11,Jul-11-2023,0,0
93561,0,0,2023-07-11,Jul-11-2023,0,0
93252,147,32.69201306692102,2023-08-04,Aug-04-2023,32.69201306692102,147
93268,19,4.22549828756122,2023-08-04,Aug-04-2023,4.22549828756122,19
93307,2529,562.4360615390698,2023-08-04,Aug-04-2023,562.4360615390698,2529
93311,7293,1621.9241584833674,2023-08-04,Aug-04-2023,1621.9241584833674,7293
93313,1126,250.41637219968072,2023-08-04,Aug-04-2023,250.41637219968072,1126
93461,1,0.2223946467137484,2023-08-04,Aug-04-2023,0.2223946467137484,1
93203,5223,1161.567239785908,2023-08-04,Aug-04-2023,1161.567239785908,5223
93206,8777,1951.95781420657,2023-08-04,Aug-04-2023,1951.95781420657,8777
93215,2107,468.585520625868,2023-08-04,Aug-04-2023,468.585520625868,2107
93220,7,1.556762526996239,2023-08-04,Aug-04-2023,1.556762526996239,7
93224,9,2.0015518204237357,2023-08-04,Aug-04-2023,2.0015518204237357,9
93241,123,27.354541545791054,2023-08-04,Aug-04-2023,27.354541545791054,123
93243,49,10.897337688973671,2023-08-04,Aug-04-2023,10.897337688973671,49
93249,989,219.9483055998972,2023-08-04,Aug-04-2023,219.9483055998972,989
93250,349,77.6157317030982,2023-08-04,Aug-04-2023,77.6157317030982,349
93251,80,17.791571737099876,2023-08-04,Aug-04-2023,17.791571737099876,80
93263,2016,448.3476077749168,2023-08-04,Aug-04-2023,448.3476077749168,2016
93276,23,5.115076874416214,2023-08-04,Aug-04-2023,5.115076874416214,23
93280,6074,1350.825084139308,2023-08-04,Aug-04-2023,1350.825084139308,6074
93287,2,0.4447892934274969,2023-08-04,Aug-04-2023,0.4447892934274969,2
93301,197,43.81174540260844,2023-08-04,Aug-04-2023,43.81174540260844,197
93304,36,8.006207281694943,2023-08-04,Aug-04-2023,8.006207281694943,36
93305,12,2.668735760564981,2023-08-04,Aug-04-2023,2.668735760564981,12
93306,615,136.77270772895528,2023-08-04,Aug-04-2023,136.77270772895528,615
93308,1581,351.6059364544363,2023-08-04,Aug-04-2023,351.6059364544363,1581
93309,601,133.6591826749628,2023-08-04,Aug-04-2023,133.6591826749628,601
93312,149,33.13680236034852,2023-08-04,Aug-04-2023,33.13680236034852,149
93314,26367,5863.879649901405,2023-08-04,Aug-04-2023,5863.879649901405,26367
93518,0,0,2023-08-04,Aug-04-2023,0,0
93531,0,0,2023-08-04,Aug-04-2023,0,0
93561,0,0,2023-08-04,Aug-04-2023,0,0
93252,141,31.35764518663853,2023-08-12,Aug-12-2023,31.35764518663853,141
93268,23,5.115076874416214,2023-08-12,Aug-12-2023,5.115076874416214,23
93307,2821,627.3752983794843,2023-08-12,Aug-12-2023,627.3752983794843,2821
93311,6014,1337.481405336483,2023-08-12,Aug-12-2023,1337.481405336483,6014
93313,1036,230.40085399544336,2023-08-12,Aug-12-2023,230.40085399544336,1036
93461,1,0.2223946467137484,2023-08-12,Aug-12-2023,0.2223946467137484,1
93203,5439,1209.6044834760778,2023-08-12,Aug-12-2023,1209.6044834760778,5439
93206,9016,2005.110134771156,2023-08-12,Aug-12-2023,2005.110134771156,9016
93215,2197,488.6010388301053,2023-08-12,Aug-12-2023,488.6010388301053,2197
93220,7,1.556762526996239,2023-08-12,Aug-12-2023,1.556762526996239,7
93224,11,2.4463411138512328,2023-08-12,Aug-12-2023,2.4463411138512328,11
93241,160,35.58314347419975,2023-08-12,Aug-12-2023,35.58314347419975,160
93243,58,12.898889509397408,2023-08-12,Aug-12-2023,12.898889509397408,58
93249,920,204.60307497664857,2023-08-12,Aug-12-2023,204.60307497664857,920
93250,534,118.75874134514166,2023-08-12,Aug-12-2023,118.75874134514166,534
93251,105,23.351437904943584,2023-08-12,Aug-12-2023,23.351437904943584,105
93263,2057,457.4657882901805,2023-08-12,Aug-12-2023,457.4657882901805,2057
93276,21,4.670287580988717,2023-08-12,Aug-12-2023,4.670287580988717,21
93280,5693,1266.0927237413698,2023-08-12,Aug-12-2023,1266.0927237413698,5693
93287,6,1.3343678802824903,2023-08-12,Aug-12-2023,1.3343678802824903,6
93301,198,44.03414004932219,2023-08-12,Aug-12-2023,44.03414004932219,198
93304,104,23.129043258229835,2023-08-12,Aug-12-2023,23.129043258229835,104
93305,25,5.559866167843711,2023-08-12,Aug-12-2023,5.559866167843711,25
93306,598,132.99199873482155,2023-08-12,Aug-12-2023,132.99199873482155,598
93308,1508,335.3711272443326,2023-08-12,Aug-12-2023,335.3711272443326,1508
93309,686,152.5627276456314,2023-08-12,Aug-12-2023,152.5627276456314,686
93312,150,33.359197007062264,2023-08-12,Aug-12-2023,33.359197007062264,150
93314,25999,5782.038419910746,2023-08-12,Aug-12-2023,5782.038419910746,25999
93518,77,17.12438779695863,2023-08-12,Aug-12-2023,17.12438779695863,77
93531,0,0,2023-08-12,Aug-12-2023,0,0
93561,7,1.556762526996239,2023-08-12,Aug-12-2023,1.556762526996239,7
93252,162,36.02793276762725,2023-08-28,Aug-28-2023,36.02793276762725,162
93268,32,7.1166286948399495,2023-08-28,Aug-28-2023,7.1166286948399495,32
93307,2765,614.9211981635144,2023-08-28,Aug-28-2023,614.9211981635144,2765
93311,8433,1875.4540557370408,2023-08-28,Aug-28-2023,1875.4540557370408,8433
93313,1434,318.91392338751524,2023-08-28,Aug-28-2023,318.91392338751524,1434
93461,0,0,2023-08-28,Aug-28-2023,0,0
93203,5249,1167.3495006004655,2023-08-28,Aug-28-2023,1167.3495006004655,5249
93206,9570,2128.3167690505725,2023-08-28,Aug-28-2023,2128.3167690505725,9570
93215,2554,567.9959277069134,2023-08-28,Aug-28-2023,567.9959277069134,2554
93220,7,1.556762526996239,2023-08-28,Aug-28-2023,1.556762526996239,7
93224,8,1.7791571737099874,2023-08-28,Aug-28-2023,1.7791571737099874,8
93241,110,24.463411138512328,2023-08-28,Aug-28-2023,24.463411138512328,110
93243,58,12.898889509397408,2023-08-28,Aug-28-2023,12.898889509397408,58
93249,959,213.2764661984847,2023-08-28,Aug-28-2023,213.2764661984847,959
93250,1136,252.64031866681825,2023-08-28,Aug-28-2023,252.64031866681825,1136
93251,135,30.02327730635604,2023-08-28,Aug-28-2023,30.02327730635604,135
93263,2211,491.7145638840978,2023-08-28,Aug-28-2023,491.7145638840978,2211
93276,27,6.0046554612712075,2023-08-28,Aug-28-2023,6.0046554612712075,27
93280,6646,1478.034822059572,2023-08-28,Aug-28-2023,1478.034822059572,6646
93287,5,1.1119732335687422,2023-08-28,Aug-28-2023,1.1119732335687422,5
93301,200,44.47892934274969,2023-08-28,Aug-28-2023,44.47892934274969,200
93304,56,12.454100215969913,2023-08-28,Aug-28-2023,12.454100215969913,56
93305,27,6.0046554612712075,2023-08-28,Aug-28-2023,6.0046554612712075,27
93306,691,153.67470087920017,2023-08-28,Aug-28-2023,153.67470087920017,691
93308,1854,412.3196750072896,2023-08-28,Aug-28-2023,412.3196750072896,1854
93309,643,142.99975783694023,2023-08-28,Aug-28-2023,142.99975783694023,643
93312,173,38.47427388147848,2023-08-28,Aug-28-2023,38.47427388147848,173
93314,26093,5802.943516701838,2023-08-28,Aug-28-2023,5802.943516701838,26093
93518,0,0,2023-08-28,Aug-28-2023,0,0
93531,0,0,2023-08-28,Aug-28-2023,0,0
93561,0,0,2023-08-28,Aug-28-2023,0,0
93252,152,33.80398630048976,2023-09-05,Sep-05-2023,33.80398630048976,152
93268,20,4.447892934274969,2023-09-05,Sep-05-2023,4.447892934274969,20
93307,2640,587.1218673242959,2023-09-05,Sep-05-2023,587.1218673242959,2640
93311,7920,1761.3656019728876,2023-09-05,Sep-05-2023,1761.3656019728876,7920
93313,1359,302.23432488398413,2023-09-05,Sep-05-2023,302.23432488398413,1359
93461,1,0.2223946467137484,2023-09-05,Sep-05-2023,0.2223946467137484,1
93203,4979,1107.3029459877534,2023-09-05,Sep-05-2023,1107.3029459877534,4979
93206,9565,2127.2047958170037,2023-09-05,Sep-05-2023,2127.2047958170037,9565
93215,2384,530.1888377655763,2023-09-05,Sep-05-2023,530.1888377655763,2384
93220,6,1.3343678802824903,2023-09-05,Sep-05-2023,1.3343678802824903,6
93224,5,1.1119732335687422,2023-09-05,Sep-05-2023,1.1119732335687422,5
93241,175,38.91906317490597,2023-09-05,Sep-05-2023,38.91906317490597,175
93243,63,14.01086274296615,2023-09-05,Sep-05-2023,14.01086274296615,63
93249,934,207.71660003064105,2023-09-05,Sep-05-2023,207.71660003064105,934
93250,1207,268.43033858349435,2023-09-05,Sep-05-2023,268.43033858349435,1207
93251,100,22.239464671374844,2023-09-05,Sep-05-2023,22.239464671374844,100
93263,2777,617.5899339240794,2023-09-05,Sep-05-2023,617.5899339240794,2777
93276,27,6.0046554612712075,2023-09-05,Sep-05-2023,6.0046554612712075,27
93280,8080,1796.9487454470873,2023-09-05,Sep-05-2023,1796.9487454470873,8080
93287,2,0.4447892934274969,2023-09-05,Sep-05-2023,0.4447892934274969,2
93301,202,44.923718636177185,2023-09-05,Sep-05-2023,44.923718636177185,202
93304,55,12.231705569256164,2023-09-05,Sep-05-2023,12.231705569256164,55
93305,26,5.782260814557459,2023-09-05,Sep-05-2023,5.782260814557459,26
93306,695,154.56427946605515,2023-09-05,Sep-05-2023,154.56427946605515,695
93308,1711,380.5172405272236,2023-09-05,Sep-05-2023,380.5172405272236,1711
93309,619,137.6622863158103,2023-09-05,Sep-05-2023,137.6622863158103,619
93312,177,39.36385246833347,2023-09-05,Sep-05-2023,39.36385246833347,177
93314,25681,5711.3169222557735,2023-09-05,Sep-05-2023,5711.3169222557735,25681
93518,0,0,2023-09-05,Sep-05-2023,0,0
93531,0,0,2023-09-05,Sep-05-2023,0,0
93561,0,0,2023-09-05,Sep-05-2023,0,0
93252,165,36.69511670776849,2023-09-13,Sep-13-2023,36.69511670776849,165
93268,17,3.780708994133723,2023-09-13,Sep-13-2023,3.780708994133723,17
93307,2618,582.2291850965934,2023-09-13,Sep-13-2023,582.2291850965934,2618
93311,6985,1553.426607295533,2023-09-13,Sep-13-2023,1553.426607295533,6985
93313,1502,334.03675936405017,2023-09-13,Sep-13-2023,334.03675936405017,1502
93461,1,0.2223946467137484,2023-09-13,Sep-13-2023,0.2223946467137484,1
93203,5095,1133.100725006548,2023-09-13,Sep-13-2023,1133.100725006548,5095
93206,9629,2141.438053206683,2023-09-13,Sep-13-2023,2141.438053206683,9629
93215,2395,532.6351788794275,2023-09-13,Sep-13-2023,532.6351788794275,2395
93220,6,1.3343678802824903,2023-09-13,Sep-13-2023,1.3343678802824903,6
93224,7,1.556762526996239,2023-09-13,Sep-13-2023,1.556762526996239,7
93241,134,29.80088265964229,2023-09-13,Sep-13-2023,29.80088265964229,134
93243,67,14.900441329821144,2023-09-13,Sep-13-2023,14.900441329821144,67
93249,958,213.054071551771,2023-09-13,Sep-13-2023,213.054071551771,958
93250,1205,267.98554929006684,2023-09-13,Sep-13-2023,267.98554929006684,1205
93251,90,20.01551820423736,2023-09-13,Sep-13-2023,20.01551820423736,90
93263,2768,615.5883821036557,2023-09-13,Sep-13-2023,615.5883821036557,2768
93276,24,5.337471521129962,2023-09-13,Sep-13-2023,5.337471521129962,24
93280,9033,2008.8908437652897,2023-09-13,Sep-13-2023,2008.8908437652897,9033
93287,3,0.6671839401412453,2023-09-13,Sep-13-2023,0.6671839401412453,3
93301,192,42.6997721690397,2023-09-13,Sep-13-2023,42.6997721690397,192
93304,102,22.68425396480234,2023-09-13,Sep-13-2023,22.68425396480234,102
93305,32,7.1166286948399495,2023-09-13,Sep-13-2023,7.1166286948399495,32
93306,683,151.89554370549018,2023-09-13,Sep-13-2023,151.89554370549018,683
93308,1706,379.4052672936549,2023-09-13,Sep-13-2023,379.4052672936549,1706
93309,595,132.32481479468032,2023-09-13,Sep-13-2023,132.32481479468032,595
93312,182,40.47582570190222,2023-09-13,Sep-13-2023,40.47582570190222,182
93314,25533,5678.402514542138,2023-09-13,Sep-13-2023,5678.402514542138,25533
93518,12,2.668735760564981,2023-09-13,Sep-13-2023,2.668735760564981,12
93531,0,0,2023-09-13,Sep-13-2023,0,0
93561,0,0,2023-09-13,Sep-13-2023,0,0
93252,226,50.26119015730715,2023-09-21,Sep-21-2023,37.69589261798036,170
93268,1376,306.01503387811783,2023-09-21,Sep-21-2023,4.003103640847471,18
93307,4051,900.9207138373948,2023-09-21,Sep-21-2023,581.673198479809,2616
93311,10601,2357.605649812447,2023-09-21,Sep-21-2023,1474.0317184187247,6628
93313,3690,820.6362463737318,2023-09-21,Sep-21-2023,325.25217081885705,1462
93461,1,0.2223946467137484,2023-09-21,Sep-21-2023,0.1111973233568742,0
93203,5238,1164.9031594866142,2023-09-21,Sep-21-2023,1115.9763372095895,5018
93206,10728,2385.849769945093,2023-09-21,Sep-21-2023,2113.8611170141785,9505
93215,2478,551.0939345566686,2023-09-21,Sep-21-2023,532.5239815560706,2394
93220,5,1.1119732335687422,2023-09-21,Sep-21-2023,1.2231705569256164,6
93224,3108,691.2025619863301,2023-09-21,Sep-21-2023,1.7791571737099874,8
93241,118,26.24256831222231,2023-09-21,Sep-21-2023,37.13990600119599,167
93243,3,0.6671839401412453,2023-09-21,Sep-21-2023,14.233257389679899,64
93249,4701,1045.4772342013314,2023-09-21,Sep-21-2023,208.05019200071166,936
93250,1396,310.4629268123928,2023-09-21,Sep-21-2023,257.7553955412344,1159
93251,3753,834.6471091166978,2023-09-21,Sep-21-2023,20.57150482102173,92
93263,7810,1736.9021908343752,2023-09-21,Sep-21-2023,615.1435928102283,2766
93276,39,8.673391221836189,2023-09-21,Sep-21-2023,5.4486688444868365,24
93280,13136,2921.3760792317994,2023-09-21,Sep-21-2023,2160.1192035306385,9713
93287,44,9.785364455404933,2023-09-21,Sep-21-2023,0.6671839401412453,3
93301,419,93.1833569730606,2023-09-21,Sep-21-2023,41.14300964204346,185
93304,141,31.35764518663853,2023-09-21,Sep-21-2023,21.127491437806103,95
93305,9,2.0015518204237357,2023-09-21,Sep-21-2023,5.782260814557459,26
93306,698,155.2314634061964,2023-09-21,Sep-21-2023,148.11483471135645,666
93308,2278,506.61500521391895,2023-09-21,Sep-21-2023,374.5125850659524,1684
93309,1246,277.10372980533054,2023-09-21,Sep-21-2023,127.98811918376222,576
93312,1723,383.18597628778855,2023-09-21,Sep-21-2023,38.58547120483536,174
93314,30679,6822.845366531088,2023-09-21,Sep-21-2023,5631.588441408894,25322
93518,3,0.6671839401412453,2023-09-21,Sep-21-2023,1.6679598503531132,8
93531,0,0,2023-09-21,Sep-21-2023,0,0
93561,0,0,2023-09-21,Sep-21-2023,0,0
93252,174,38.69666852819223,2023-09-29,Sep-29-2023,38.69666852819223,174
93268,19,4.22549828756122,2023-09-29,Sep-29-2023,4.22549828756122,19
93307,2613,581.1172118630246,2023-09-29,Sep-29-2023,581.1172118630246,2613
93311,6271,1394.6368295419163,2023-09-29,Sep-29-2023,1394.6368295419163,6271
93313,1423,316.467582273664,2023-09-29,Sep-29-2023,316.467582273664,1423
93461,0,0,2023-09-29,Sep-29-2023,0,0
93203,4941,1098.851949412631,2023-09-29,Sep-29-2023,1098.851949412631,4941
93206,9381,2086.284180821674,2023-09-29,Sep-29-2023,2086.284180821674,9381
93215,2394,532.4127842327138,2023-09-29,Sep-29-2023,532.4127842327138,2394
93220,5,1.1119732335687422,2023-09-29,Sep-29-2023,1.1119732335687422,5
93224,9,2.0015518204237357,2023-09-29,Sep-29-2023,2.0015518204237357,9
93241,200,44.47892934274969,2023-09-29,Sep-29-2023,44.47892934274969,200
93243,61,13.566073449538656,2023-09-29,Sep-29-2023,13.566073449538656,61
93249,913,203.0463124496523,2023-09-29,Sep-29-2023,203.0463124496523,913
93250,1113,247.525241792402,2023-09-29,Sep-29-2023,247.525241792402,1113
93251,95,21.1274914378061,2023-09-29,Sep-29-2023,21.1274914378061,95
93263,2764,614.6988035168007,2023-09-29,Sep-29-2023,614.6988035168007,2764
93276,25,5.559866167843711,2023-09-29,Sep-29-2023,5.559866167843711,25
93280,10393,2311.3475632959876,2023-09-29,Sep-29-2023,2311.3475632959876,10393
93287,3,0.6671839401412453,2023-09-29,Sep-29-2023,0.6671839401412453,3
93301,178,39.58624711504722,2023-09-29,Sep-29-2023,39.58624711504722,178
93304,88,19.570728910809866,2023-09-29,Sep-29-2023,19.570728910809866,88
93305,20,4.447892934274969,2023-09-29,Sep-29-2023,4.447892934274969,20
93306,649,144.33412571722272,2023-09-29,Sep-29-2023,144.33412571722272,649
93308,1662,369.6199028382499,2023-09-29,Sep-29-2023,369.6199028382499,1662
93309,556,123.65142357284412,2023-09-29,Sep-29-2023,123.65142357284412,556
93312,165,36.69511670776849,2023-09-29,Sep-29-2023,36.69511670776849,165
93314,25112,5584.774368275651,2023-09-29,Sep-29-2023,5584.774368275651,25112
93518,3,0.6671839401412453,2023-09-29,Sep-29-2023,0.6671839401412453,3
93531,0,0,2023-09-29,Sep-29-2023,0,0
93561,0,0,2023-09-29,Sep-29-2023,0,0
93252,177,39.36385246833347,2023-10-07,Oct-07-2023,39.36385246833347,177
93268,18,4.003103640847471,2023-10-07,Oct-07-2023,4.003103640847471,18
93307,2827,628.7096662597668,2023-10-07,Oct-07-2023,628.7096662597668,2827
93311,6258,1391.7456991346376,2023-10-07,Oct-07-2023,1391.7456991346376,6258
93313,1768,393.1937353899072,2023-10-07,Oct-07-2023,393.1937353899072,1768
93461,0,0,2023-10-07,Oct-07-2023,0,0
93203,5387,1198.0399618469628,2023-10-07,Oct-07-2023,1198.0399618469628,5387
93206,9335,2076.0540270728416,2023-10-07,Oct-07-2023,2076.0540270728416,9335
93215,2428,539.9742022209812,2023-10-07,Oct-07-2023,539.9742022209812,2428
93220,13,2.8911304072787294,2023-10-07,Oct-07-2023,2.8911304072787294,13
93224,20,4.447892934274969,2023-10-07,Oct-07-2023,4.447892934274969,20
93241,180,40.03103640847472,2023-10-07,Oct-07-2023,40.03103640847472,180
93243,76,16.90199315024488,2023-10-07,Oct-07-2023,16.90199315024488,76
93249,1206,268.2079439367806,2023-10-07,Oct-07-2023,268.2079439367806,1206
93250,859,191.0370015271099,2023-10-07,Oct-07-2023,191.0370015271099,859
93251,106,23.573832551657333,2023-10-07,Oct-07-2023,23.573832551657333,106
93263,2878,640.051793242168,2023-10-07,Oct-07-2023,640.051793242168,2878
93276,27,6.0046554612712075,2023-10-07,Oct-07-2023,6.0046554612712075,27
93280,11477,2552.4233603336907,2023-10-07,Oct-07-2023,2552.4233603336907,11477
93287,4,0.8895785868549937,2023-10-07,Oct-07-2023,0.8895785868549937,4
93301,195,43.36695610918095,2023-10-07,Oct-07-2023,43.36695610918095,195
93304,130,28.911304072787296,2023-10-07,Oct-07-2023,28.911304072787296,130
93305,72,16.012414563389886,2023-10-07,Oct-07-2023,16.012414563389886,72
93306,742,165.01682786160134,2023-10-07,Oct-07-2023,165.01682786160134,742
93308,1804,401.1999426716022,2023-10-07,Oct-07-2023,401.1999426716022,1804
93309,559,124.31860751298537,2023-10-07,Oct-07-2023,124.31860751298537,559
93312,210,46.70287580988717,2023-10-07,Oct-07-2023,46.70287580988717,210
93314,25155,5594.337338084341,2023-10-07,Oct-07-2023,5594.337338084341,25155
93518,8,1.7791571737099874,2023-10-07,Oct-07-2023,1.7791571737099874,8
93531,0,0,2023-10-07,Oct-07-2023,0,0
93561,0,0,2023-10-07,Oct-07-2023,0,0
93252,188,41.8101935821847,2023-10-15,Oct-15-2023,41.8101935821847,188
93268,18,4.003103640847471,2023-10-15,Oct-15-2023,4.003103640847471,18
93307,2766,615.1435928102281,2023-10-15,Oct-15-2023,615.1435928102281,2766
93311,6892,1532.7439051511542,2023-10-15,Oct-15-2023,1532.7439051511542,6892
93313,1637,364.0600366704062,2023-10-15,Oct-15-2023,364.0600366704062,1637
93461,1,0.2223946467137484,2023-10-15,Oct-15-2023,0.2223946467137484,1
93203,5362,1192.4800956791191,2023-10-15,Oct-15-2023,1192.4800956791191,5362
93206,9963,2215.7178652090756,2023-10-15,Oct-15-2023,2215.7178652090756,9963
93215,2355,523.7393930108775,2023-10-15,Oct-15-2023,523.7393930108775,2355
93220,8,1.7791571737099874,2023-10-15,Oct-15-2023,1.7791571737099874,8
93224,17,3.780708994133723,2023-10-15,Oct-15-2023,3.780708994133723,17
93241,199,44.256534696035935,2023-10-15,Oct-15-2023,44.256534696035935,199
93243,87,19.348334264096113,2023-10-15,Oct-15-2023,19.348334264096113,87
93249,1245,276.8813351586168,2023-10-15,Oct-15-2023,276.8813351586168,1245
93250,1009,224.39619853417216,2023-10-15,Oct-15-2023,224.39619853417216,1009
93251,98,21.794675377947343,2023-10-15,Oct-15-2023,21.794675377947343,98
93263,2961,658.5105489194091,2023-10-15,Oct-15-2023,658.5105489194091,2961
93276,28,6.227050107984956,2023-10-15,Oct-15-2023,6.227050107984956,28
93280,12333,2742.793177920659,2023-10-15,Oct-15-2023,2742.793177920659,12333
93287,4,0.8895785868549937,2023-10-15,Oct-15-2023,0.8895785868549937,4
93301,222,49.37161157045215,2023-10-15,Oct-15-2023,49.37161157045215,222
93304,107,23.79622719837108,2023-10-15,Oct-15-2023,23.79622719837108,107
93305,60,13.343678802824906,2023-10-15,Oct-15-2023,13.343678802824906,60
93306,761,169.24232614916255,2023-10-15,Oct-15-2023,169.24232614916255,761
93308,1912,425.218564516687,2023-10-15,Oct-15-2023,425.218564516687,1912
93309,679,151.00596511863515,2023-10-15,Oct-15-2023,151.00596511863515,679
93312,202,44.923718636177185,2023-10-15,Oct-15-2023,44.923718636177185,202
93314,25715,5718.878340244041,2023-10-15,Oct-15-2023,5718.878340244041,25715
93518,4,0.8895785868549937,2023-10-15,Oct-15-2023,0.8895785868549937,4
93531,0,0,2023-10-15,Oct-15-2023,0,0
93561,1,0.2223946467137484,2023-10-15,Oct-15-2023,0.2223946467137484,1
93252,78,17.346782443672378,2023-10-31,Oct-31-2023,17.346782443672378,78
93268,7,1.556762526996239,2023-10-31,Oct-31-2023,1.556762526996239,7
93307,3151,700.7655317950213,2023-10-31,Oct-31-2023,700.7655317950213,3151
93311,7250,1612.3611886746762,2023-10-31,Oct-31-2023,1612.3611886746762,7250
93313,2004,445.67887201435184,2023-10-31,Oct-31-2023,445.67887201435184,2004
93461,0,0,2023-10-31,Oct-31-2023,0,0
93203,5691,1265.6479344479424,2023-10-31,Oct-31-2023,1265.6479344479424,5691
93206,8443,1877.678002204178,2023-10-31,Oct-31-2023,1877.678002204178,8443
93215,2066,459.46734011060425,2023-10-31,Oct-31-2023,459.46734011060425,2066
93220,9,2.0015518204237357,2023-10-31,Oct-31-2023,2.0015518204237357,9
93224,0,0,2023-10-31,Oct-31-2023,0,0
93241,167,37.13990600119599,2023-10-31,Oct-31-2023,37.13990600119599,167
93243,158,35.138354180772254,2023-10-31,Oct-31-2023,35.138354180772254,158
93249,1097,243.966927444982,2023-10-31,Oct-31-2023,243.966927444982,1097
93250,800,177.91571737099875,2023-10-31,Oct-31-2023,177.91571737099875,800
93251,23,5.115076874416214,2023-10-31,Oct-31-2023,5.115076874416214,23
93263,2937,653.1730773982791,2023-10-31,Oct-31-2023,653.1730773982791,2937
93276,15,3.3359197007062265,2023-10-31,Oct-31-2023,3.3359197007062265,15
93280,7330,1630.152760411776,2023-10-31,Oct-31-2023,1630.152760411776,7330
93287,6,1.3343678802824903,2023-10-31,Oct-31-2023,1.3343678802824903,6
93301,212,47.147665103314665,2023-10-31,Oct-31-2023,47.147665103314665,212
93304,105,23.351437904943584,2023-10-31,Oct-31-2023,23.351437904943584,105
93305,131,29.133698719501044,2023-10-31,Oct-31-2023,29.133698719501044,131
93306,912,202.82391780293855,2023-10-31,Oct-31-2023,202.82391780293855,912
93308,1947,433.0023771516682,2023-10-31,Oct-31-2023,433.0023771516682,1947
93309,634,140.9982060165165,2023-10-31,Oct-31-2023,140.9982060165165,634
93312,162,36.02793276762725,2023-10-31,Oct-31-2023,36.02793276762725,162
93314,25811,5740.228226328561,2023-10-31,Oct-31-2023,5740.228226328561,25811
93518,141,31.35764518663853,2023-10-31,Oct-31-2023,31.35764518663853,141
93531,5,1.1119732335687422,2023-10-31,Oct-31-2023,1.1119732335687422,5
93561,53,11.786916275828666,2023-10-31,Oct-31-2023,11.786916275828666,53
93252,215,47.814849043455915,2023-11-08,Nov-08-2023,47.814849043455915,215
93268,51,11.34212698240117,2023-11-08,Nov-08-2023,11.34212698240117,51
93307,3503,779.0484474382607,2023-11-08,Nov-08-2023,779.0484474382607,3503
93311,9287,2065.3790840305815,2023-11-08,Nov-08-2023,2065.3790840305815,9287
93313,2066,459.46734011060425,2023-11-08,Nov-08-2023,459.46734011060425,2066
93461,1,0.2223946467137484,2023-11-08,Nov-08-2023,0.2223946467137484,1
93203,19466,4329.134192929827,2023-11-08,Nov-08-2023,4329.134192929827,19466
93206,11262,2504.6085112902347,2023-11-08,Nov-08-2023,2504.6085112902347,11262
93215,1680,373.62300647909734,2023-11-08,Nov-08-2023,373.62300647909734,1680
93220,738,164.12724927474633,2023-11-08,Nov-08-2023,164.12724927474633,738
93224,40,8.895785868549938,2023-11-08,Nov-08-2023,8.895785868549938,40
93241,163,36.250327414340994,2023-11-08,Nov-08-2023,36.250327414340994,163
93243,226,50.26119015730715,2023-11-08,Nov-08-2023,50.26119015730715,226
93249,1872,416.32277864813705,2023-11-08,Nov-08-2023,416.32277864813705,1872
93250,1165,259.0897634215169,2023-11-08,Nov-08-2023,259.0897634215169,1165
93251,152,33.80398630048976,2023-11-08,Nov-08-2023,33.80398630048976,152
93263,3376,750.8043273056147,2023-11-08,Nov-08-2023,750.8043273056147,3376
93276,34,7.561417988267447,2023-11-08,Nov-08-2023,7.561417988267447,34
93280,14377,3197.3678358035613,2023-11-08,Nov-08-2023,3197.3678358035613,14377
93287,18,4.003103640847471,2023-11-08,Nov-08-2023,4.003103640847471,18
93301,316,70.27670836154451,2023-11-08,Nov-08-2023,70.27670836154451,316
93304,146,32.46961842020727,2023-11-08,Nov-08-2023,32.46961842020727,146
93305,236,52.48513662444463,2023-11-08,Nov-08-2023,52.48513662444463,236
93306,1799,400.08796943803344,2023-11-08,Nov-08-2023,400.08796943803344,1799
93308,2381,529.521653825435,2023-11-08,Nov-08-2023,529.521653825435,2381
93309,787,175.02458696372005,2023-11-08,Nov-08-2023,175.02458696372005,787
93312,242,53.81950450472712,2023-11-08,Nov-08-2023,53.81950450472712,242
93314,28591,6358.485344192782,2023-11-08,Nov-08-2023,6358.485344192782,28591
93518,580,128.9888950939741,2023-11-08,Nov-08-2023,128.9888950939741,580
93531,37,8.228601928408692,2023-11-08,Nov-08-2023,8.228601928408692,37
93561,788,175.24698161043375,2023-11-08,Nov-08-2023,175.24698161043375,788
93252,2284,507.9493730942014,2023-11-16,Nov-16-2023,507.9493730942014,2284
93268,65,14.455652036393648,2023-11-16,Nov-16-2023,14.455652036393648,65
93307,3380,751.6939058924697,2023-11-16,Nov-16-2023,751.6939058924697,3380
93311,9807,2181.024300321731,2023-11-16,Nov-16-2023,2181.024300321731,9807
93313,1693,376.5141368863761,2023-11-16,Nov-16-2023,376.5141368863761,1693
93461,45,10.00775910211868,2023-11-16,Nov-16-2023,10.00775910211868,45
93203,6091,1354.6057931334417,2023-11-16,Nov-16-2023,1354.6057931334417,6091
93206,11977,2663.620683690565,2023-11-16,Nov-16-2023,2663.620683690565,11977
93215,1545,343.5997291727413,2023-11-16,Nov-16-2023,343.5997291727413,1545
93220,87,19.348334264096113,2023-11-16,Nov-16-2023,19.348334264096113,87
93224,33,7.339023341553698,2023-11-16,Nov-16-2023,7.339023341553698,33
93241,172,38.25187923476473,2023-11-16,Nov-16-2023,38.25187923476473,172
93243,277,61.60331713970832,2023-11-16,Nov-16-2023,61.60331713970832,277
93249,2120,471.47665103314665,2023-11-16,Nov-16-2023,471.47665103314665,2120
93250,1042,231.73522187572587,2023-11-16,Nov-16-2023,231.73522187572587,1042
93251,4166,926.496098209476,2023-11-16,Nov-16-2023,926.496098209476,4166
93263,5302,1179.136416876294,2023-11-16,Nov-16-2023,1179.136416876294,5302
93276,36,8.006207281694943,2023-11-16,Nov-16-2023,8.006207281694943,36
93280,25791,5735.780333394286,2023-11-16,Nov-16-2023,5735.780333394286,25791
93287,31,6.894234048126202,2023-11-16,Nov-16-2023,6.894234048126202,31
93301,249,55.37626703172336,2023-11-16,Nov-16-2023,55.37626703172336,249
93304,110,24.463411138512328,2023-11-16,Nov-16-2023,24.463411138512328,110
93305,273,60.71373855285332,2023-11-16,Nov-16-2023,60.71373855285332,273
93306,1358,302.01193023727035,2023-11-16,Nov-16-2023,302.01193023727035,1358
93308,2392,531.9679949392862,2023-11-16,Nov-16-2023,531.9679949392862,2392
93309,705,156.78822593319265,2023-11-16,Nov-16-2023,156.78822593319265,705
93312,203,45.14611328289093,2023-11-16,Nov-16-2023,45.14611328289093,203
93314,29968,6664.722772717613,2023-11-16,Nov-16-2023,6664.722772717613,29968
93518,774,172.13345655644127,2023-11-16,Nov-16-2023,172.13345655644127,774
93531,671,149.22680794492518,2023-11-16,Nov-16-2023,149.22680794492518,671
93561,890,197.93123557523612,2023-11-16,Nov-16-2023,197.93123557523612,890
